id	normalizedName	nameZh	nameEn	rotation	raidDuration	players
55f2d3fd4bdc2d5f408b4567	factory	工厂	Factory	90	20	7-8
56f40101d2720b2a4d8b45d6	customs	海关	Customs	180	35	10-12
5704e3c2d2720bac5b8b4567	woods	森林	Woods	180	35	10-14
5704e4dad2720bb55b8b4567	lighthouse	灯塔	Lighthouse	180	40	10-12
5704e554d2720bac5b8b456e	shoreline	海岸线	Shoreline	180	45	10-14
5704e5fad2720bc05b8b4567	reserve	储备站	Reserve	195.209	40	9-11
5714dbc024597771384a510d	interchange	立交桥	Interchange	180	40	11-15
5714dc692459777137212e12	streets-of-tarkov	塔科夫街区	Streets of Tarkov	180	40	12-16
59fc81d786f774390775787e	night-factory	夜间工厂	Night Factory	90	25	5-6
5b0fc42d86f7744a585f9105	the-lab	实验室	The Lab	270	30	8-10
653e6760052c01c1c805532f	ground-zero	中心区	Ground Zero	180	30	9-10
65b8d6f5cdde2479cb2a3125	ground-zero-21	中心区 21+	Ground Zero 21+	180	30	9-12
65cc8f81a9aac3e77d0cfd3e	terminal	码头	Terminal	180	50	1-5
6733700029c367a3d40b02af	the-labyrinth	迷宫	The Labyrinth	180	30	5-5
68236e8153654e8c1200798a	ground-zero-tutorial	Ground Zero 教程	Ground Zero Tutorial	180	30	9-12
69af492a4819ea4ba10a69c5	icebreaker	破冰船	Icebreaker	180	50	1-3
6a294a5b5eb5f9a1700417b7	the-lab-dark	实验室 (Dark)	The Lab (Dark)	180	35	8-10
