mode	id	nameZh	nameEn
regular	5d388e97081959000a123acf	供暖	Heating
regular	5d3b396e33c48f02b81cd9f3	发电机	Generator
regular	5d473c1e081959000e530190	通风	Vents
regular	5d484fb3654e7600681d9314	安保	Security
regular	5d484fba654e7600691aadf7	卫生间	Lavatory
regular	5d484fc0654e76006657e0ab	仓库	Stash
regular	5d484fc8654e760065037abf	集水器	Water Collector
regular	5d484fcd654e7668ec2ec322	医疗站	Medstation
regular	5d484fd1654e76006732bf2e	营养部	Nutrition Unit
regular	5d484fd6654e76051d3cc791	休息区	Rest Space
regular	5d484fda654e7600681d9315	工作台	Workbench
regular	5d484fdf654e7600691aadf8	情报中心	Intelligence Center
regular	5d484fe3654e76006657e0ac	靶场	Shooting Range
regular	5d494a0e5b56502f18c98a02	图书馆	Library
regular	5d494a175b56502f18c98a04	Scav宝箱	Scav Case
regular	5d494a205b56502f18c98a06	照明	Illumination
regular	5d494a295b56502f18c98a08	荣耀展柜	Hall of Fame
regular	5d494a315b56502f18c98a0a	空气过滤单元	Air Filtering Unit
regular	5d494a385b56502f18c98a0c	太阳能	Solar Power
regular	5d494a3f5b56502f18c98a0e	酿酒处	Booze Generator
regular	5d494a445b56502f18c98a10	比特币矿场	Bitcoin Farm
regular	6377a9b9a93bde8fa30eb79a	健身区	Gym
regular	637b39f02e873739ec490215	易碎墙	Defective Wall
regular	63db64cbf9963741dc0d741f	武器架	Weapon Rack
regular	65e5bb1713227bb7690cea0a	装备架	Gear Rack
regular	667298e75ea6b4493c08f266	仪式圈	Cultist Circle
