mode	stationId	imageKey
regular	5d388e97081959000a123acf	station-heating
regular	5d3b396e33c48f02b81cd9f3	station-generator
regular	5d473c1e081959000e530190	station-vents
regular	5d484fb3654e7600681d9314	station-security
regular	5d484fba654e7600691aadf7	station-lavatory
regular	5d484fc0654e76006657e0ab	station-stash
regular	5d484fc8654e760065037abf	station-water-collector
regular	5d484fcd654e7668ec2ec322	station-medstation
regular	5d484fd1654e76006732bf2e	station-nutrition-unit
regular	5d484fd6654e76051d3cc791	station-rest-space
regular	5d484fda654e7600681d9315	station-workbench
regular	5d484fdf654e7600691aadf8	station-intelligence-center
regular	5d484fe3654e76006657e0ac	station-shooting-range
regular	5d494a0e5b56502f18c98a02	station-library
regular	5d494a175b56502f18c98a04	station-scav-case
regular	5d494a205b56502f18c98a06	station-illumination
regular	5d494a295b56502f18c98a08	station-hall-of-fame
regular	5d494a315b56502f18c98a0a	station-air-filtering-unit
regular	5d494a385b56502f18c98a0c	station-solar-power
regular	5d494a3f5b56502f18c98a0e	station-booze-generator
regular	5d494a445b56502f18c98a10	station-bitcoin-farm
regular	6377a9b9a93bde8fa30eb79a	station-gym
regular	637b39f02e873739ec490215	station-defective-wall
regular	63db64cbf9963741dc0d741f	station-weapon-rack
regular	65e5bb1713227bb7690cea0a	station-gear-rack
regular	667298e75ea6b4493c08f266	station-cultist-circle
