mode	levelId	skillId	nameZh	nameEn	level
regular	5d388e97081959000a123acf-2	Endurance	耐力	Endurance	1
regular	5d473c1e081959000e530190-3	Strength	力量	Strength	2
regular	5d484fb3654e7600681d9314-2	Endurance	耐力	Endurance	2
regular	5d484fc8654e760065037abf-2	Attention	专注	Attention	3
regular	5d484fcd654e7668ec2ec322-2	Health	健康	Health	2
regular	5d484fcd654e7668ec2ec322-3	Vitality	活力	Vitality	3
regular	5d484fd1654e76006732bf2e-3	Metabolism	代谢	Metabolism	3
regular	5d484fdf654e7600691aadf8-2	Attention	专注	Attention	3
regular	5d494a0e5b56502f18c98a02-1	HideoutManagement	藏身处管理	Hideout Management	5
