mode	levelId	stationId	level
regular	5d388e97081959000a123acf-2	5d388e97081959000a123acf	1
regular	5d388e97081959000a123acf-2	5d473c1e081959000e530190	1
regular	5d388e97081959000a123acf-3	5d388e97081959000a123acf	2
regular	5d388e97081959000a123acf-3	5d3b396e33c48f02b81cd9f3	2
regular	5d388e97081959000a123acf-3	5d484fda654e7600681d9315	2
regular	5d3b396e33c48f02b81cd9f3-1	5d484fb3654e7600681d9314	1
regular	5d3b396e33c48f02b81cd9f3-2	5d3b396e33c48f02b81cd9f3	1
regular	5d3b396e33c48f02b81cd9f3-2	5d473c1e081959000e530190	1
regular	5d3b396e33c48f02b81cd9f3-2	5d484fb3654e7600681d9314	1
regular	5d3b396e33c48f02b81cd9f3-3	5d3b396e33c48f02b81cd9f3	2
regular	5d3b396e33c48f02b81cd9f3-3	5d473c1e081959000e530190	3
regular	5d3b396e33c48f02b81cd9f3-3	5d484fb3654e7600681d9314	3
regular	5d473c1e081959000e530190-2	5d473c1e081959000e530190	1
regular	5d473c1e081959000e530190-3	5d3b396e33c48f02b81cd9f3	1
regular	5d473c1e081959000e530190-3	5d473c1e081959000e530190	2
regular	5d484fb3654e7600681d9314-2	5d484fb3654e7600681d9314	1
regular	5d484fb3654e7600681d9314-2	5d494a205b56502f18c98a06	1
regular	5d484fb3654e7600681d9314-3	5d484fb3654e7600681d9314	2
regular	5d484fb3654e7600681d9314-3	5d494a205b56502f18c98a06	3
regular	5d484fba654e7600691aadf7-2	5d473c1e081959000e530190	1
regular	5d484fba654e7600691aadf7-2	5d484fba654e7600691aadf7	1
regular	5d484fba654e7600691aadf7-2	5d484fc8654e760065037abf	1
regular	5d484fba654e7600691aadf7-3	5d473c1e081959000e530190	2
regular	5d484fba654e7600691aadf7-3	5d484fba654e7600691aadf7	2
regular	5d484fba654e7600691aadf7-3	5d484fc8654e760065037abf	2
regular	5d484fc0654e76006657e0ab-2	5d473c1e081959000e530190	1
regular	5d484fc0654e76006657e0ab-2	5d484fc0654e76006657e0ab	1
regular	5d484fc0654e76006657e0ab-3	5d388e97081959000a123acf	2
regular	5d484fc0654e76006657e0ab-3	5d473c1e081959000e530190	2
regular	5d484fc0654e76006657e0ab-3	5d484fc0654e76006657e0ab	2
regular	5d484fc0654e76006657e0ab-4	5d388e97081959000a123acf	3
regular	5d484fc0654e76006657e0ab-4	5d3b396e33c48f02b81cd9f3	3
regular	5d484fc0654e76006657e0ab-4	5d484fc0654e76006657e0ab	3
regular	5d484fc0654e76006657e0ab-4	5d484fda654e7600681d9315	3
regular	5d484fc0654e76006657e0ab-4	5d484fdf654e7600691aadf8	2
regular	5d484fc8654e760065037abf-2	5d484fc8654e760065037abf	1
regular	5d484fc8654e760065037abf-2	5d484fda654e7600681d9315	1
regular	5d484fc8654e760065037abf-3	5d388e97081959000a123acf	2
regular	5d484fc8654e760065037abf-3	5d3b396e33c48f02b81cd9f3	3
regular	5d484fc8654e760065037abf-3	5d484fc8654e760065037abf	2
regular	5d484fcd654e7668ec2ec322-2	5d3b396e33c48f02b81cd9f3	1
regular	5d484fcd654e7668ec2ec322-2	5d484fcd654e7668ec2ec322	1
regular	5d484fcd654e7668ec2ec322-3	5d3b396e33c48f02b81cd9f3	2
regular	5d484fcd654e7668ec2ec322-3	5d484fba654e7600691aadf7	2
regular	5d484fcd654e7668ec2ec322-3	5d484fcd654e7668ec2ec322	2
regular	5d484fd1654e76006732bf2e-1	5d3b396e33c48f02b81cd9f3	1
regular	5d484fd1654e76006732bf2e-2	5d484fba654e7600691aadf7	2
regular	5d484fd1654e76006732bf2e-2	5d484fd1654e76006732bf2e	1
regular	5d484fd1654e76006732bf2e-3	5d3b396e33c48f02b81cd9f3	2
regular	5d484fd1654e76006732bf2e-3	5d484fba654e7600691aadf7	2
regular	5d484fd1654e76006732bf2e-3	5d484fc0654e76006657e0ab	2
regular	5d484fd1654e76006732bf2e-3	5d484fd1654e76006732bf2e	2
regular	5d484fd6654e76051d3cc791-1	5d473c1e081959000e530190	1
regular	5d484fd6654e76051d3cc791-2	5d3b396e33c48f02b81cd9f3	1
regular	5d484fd6654e76051d3cc791-2	5d484fd6654e76051d3cc791	1
regular	5d484fd6654e76051d3cc791-3	5d484fd6654e76051d3cc791	2
regular	5d484fda654e7600681d9315-2	5d484fda654e7600681d9315	1
regular	5d484fda654e7600681d9315-2	5d494a205b56502f18c98a06	1
regular	5d484fda654e7600681d9315-3	5d3b396e33c48f02b81cd9f3	2
regular	5d484fda654e7600681d9315-3	5d484fc0654e76006657e0ab	2
regular	5d484fda654e7600681d9315-3	5d484fda654e7600681d9315	2
regular	5d484fdf654e7600691aadf8-1	5d3b396e33c48f02b81cd9f3	1
regular	5d484fdf654e7600691aadf8-1	5d473c1e081959000e530190	1
regular	5d484fdf654e7600691aadf8-1	5d484fb3654e7600681d9314	1
regular	5d484fdf654e7600691aadf8-1	5d484fda654e7600681d9315	1
regular	5d484fdf654e7600691aadf8-2	5d484fb3654e7600681d9314	2
regular	5d484fdf654e7600691aadf8-2	5d484fcd654e7668ec2ec322	2
regular	5d484fdf654e7600691aadf8-2	5d484fd1654e76006732bf2e	2
regular	5d484fdf654e7600691aadf8-2	5d484fdf654e7600691aadf8	1
regular	5d484fdf654e7600691aadf8-3	5d3b396e33c48f02b81cd9f3	3
regular	5d484fdf654e7600691aadf8-3	5d484fda654e7600681d9315	3
regular	5d484fdf654e7600691aadf8-3	5d484fdf654e7600691aadf8	2
regular	5d484fe3654e76006657e0ac-1	5d494a205b56502f18c98a06	1
regular	5d484fe3654e76006657e0ac-2	5d484fda654e7600681d9315	2
regular	5d484fe3654e76006657e0ac-2	5d484fe3654e76006657e0ac	1
regular	5d484fe3654e76006657e0ac-2	5d494a205b56502f18c98a06	3
regular	5d484fe3654e76006657e0ac-3	5d484fe3654e76006657e0ac	2
regular	5d494a0e5b56502f18c98a02-1	5d484fd6654e76051d3cc791	3
regular	5d494a175b56502f18c98a04-1	5d484fdf654e7600691aadf8	2
regular	5d494a205b56502f18c98a06-2	5d3b396e33c48f02b81cd9f3	1
regular	5d494a205b56502f18c98a06-2	5d494a205b56502f18c98a06	1
regular	5d494a205b56502f18c98a06-3	5d3b396e33c48f02b81cd9f3	2
regular	5d494a205b56502f18c98a06-3	5d484fda654e7600681d9315	1
regular	5d494a205b56502f18c98a06-3	5d494a205b56502f18c98a06	2
regular	5d494a295b56502f18c98a08-1	5d494a205b56502f18c98a06	2
regular	5d494a295b56502f18c98a08-1	637b39f02e873739ec490215	6
regular	5d494a295b56502f18c98a08-2	5d494a295b56502f18c98a08	1
regular	5d494a295b56502f18c98a08-3	5d494a295b56502f18c98a08	2
regular	5d494a315b56502f18c98a0a-1	5d3b396e33c48f02b81cd9f3	3
regular	5d494a315b56502f18c98a0a-1	5d473c1e081959000e530190	3
regular	5d494a385b56502f18c98a0c-1	5d3b396e33c48f02b81cd9f3	3
regular	5d494a385b56502f18c98a0c-1	5d484fda654e7600681d9315	3
regular	5d494a3f5b56502f18c98a0e-1	5d484fc8654e760065037abf	3
regular	5d494a3f5b56502f18c98a0e-1	5d484fd1654e76006732bf2e	3
regular	5d494a445b56502f18c98a10-1	5d484fdf654e7600691aadf8	2
regular	5d494a445b56502f18c98a10-2	5d3b396e33c48f02b81cd9f3	3
regular	5d494a445b56502f18c98a10-2	5d494a445b56502f18c98a10	1
regular	5d494a445b56502f18c98a10-3	5d484fc8654e760065037abf	3
regular	5d494a445b56502f18c98a10-3	5d494a385b56502f18c98a0c	1
regular	5d494a445b56502f18c98a10-3	5d494a445b56502f18c98a10	2
regular	6377a9b9a93bde8fa30eb79a-1	5d473c1e081959000e530190	2
regular	6377a9b9a93bde8fa30eb79a-1	5d494a205b56502f18c98a06	2
regular	6377a9b9a93bde8fa30eb79a-1	637b39f02e873739ec490215	6
regular	637b39f02e873739ec490215-1	5d484fc8654e760065037abf	1
regular	637b39f02e873739ec490215-1	5d484fcd654e7668ec2ec322	1
regular	637b39f02e873739ec490215-2	637b39f02e873739ec490215	1
regular	637b39f02e873739ec490215-3	637b39f02e873739ec490215	2
regular	637b39f02e873739ec490215-4	637b39f02e873739ec490215	3
regular	637b39f02e873739ec490215-5	637b39f02e873739ec490215	4
regular	637b39f02e873739ec490215-6	637b39f02e873739ec490215	5
regular	63db64cbf9963741dc0d741f-1	5d484fc0654e76006657e0ab	2
regular	63db64cbf9963741dc0d741f-1	5d494a205b56502f18c98a06	3
regular	63db64cbf9963741dc0d741f-2	5d484fc0654e76006657e0ab	3
regular	63db64cbf9963741dc0d741f-2	5d484fda654e7600681d9315	2
regular	63db64cbf9963741dc0d741f-2	5d484fe3654e76006657e0ac	2
regular	63db64cbf9963741dc0d741f-2	63db64cbf9963741dc0d741f	1
regular	63db64cbf9963741dc0d741f-3	5d484fda654e7600681d9315	3
regular	63db64cbf9963741dc0d741f-3	5d484fe3654e76006657e0ac	3
regular	63db64cbf9963741dc0d741f-3	63db64cbf9963741dc0d741f	2
regular	65e5bb1713227bb7690cea0a-1	5d494a205b56502f18c98a06	2
regular	65e5bb1713227bb7690cea0a-1	637b39f02e873739ec490215	6
regular	65e5bb1713227bb7690cea0a-2	5d494a295b56502f18c98a08	1
regular	65e5bb1713227bb7690cea0a-2	65e5bb1713227bb7690cea0a	1
regular	65e5bb1713227bb7690cea0a-3	5d494a295b56502f18c98a08	2
regular	65e5bb1713227bb7690cea0a-3	65e5bb1713227bb7690cea0a	2
regular	667298e75ea6b4493c08f266-1	5d484fb3654e7600681d9314	1
