mapId	floorId	bottom	top	minX	maxX	minZ	maxZ
55f2d3fd4bdc2d5f408b4567	Second_Floor	3	6	-65.5	77	-64.5	67.4
55f2d3fd4bdc2d5f408b4567	Third_Floor	6	10000	-65.5	77	-64.5	67.4
55f2d3fd4bdc2d5f408b4567	Basement	-10000	-1	-65.5	77	-64.5	67.4
56f40101d2720b2a4d8b45d6	Second_Floor	2.7	6.5	165	243	125	190
56f40101d2720b2a4d8b45d6	Second_Floor	2.7	6.5	72	116	-170	-83
56f40101d2720b2a4d8b45d6	Second_Floor	2.7	6.5	341	356	-84	-30
56f40101d2720b2a4d8b45d6	Second_Floor	2.7	6.5	321	334	-59	-52
56f40101d2720b2a4d8b45d6	Second_Floor	2.7	6.5	577	589	-1	10
56f40101d2720b2a4d8b45d6	Second_Floor	2.7	6.5	532	580	-134	-104
56f40101d2720b2a4d8b45d6	Second_Floor	2.7	6.5	599	625	-139	-120
56f40101d2720b2a4d8b45d6	Second_Floor	5.7	1000	532	580	-134	-104
56f40101d2720b2a4d8b45d6	Second_Floor	5.7	1000	-223	-199	-131	-90
56f40101d2720b2a4d8b45d6	Second_Floor	5.7	1000	169	239	-160	3
56f40101d2720b2a4d8b45d6	Second_Floor	5.7	1000	316	336	-95	-56
56f40101d2720b2a4d8b45d6	Second_Floor	5.7	1000	556	584	-92	-46
56f40101d2720b2a4d8b45d6	Second_Floor	5.7	1000	65	93	-22	0
56f40101d2720b2a4d8b45d6	Second_Floor	14	15	450	497	-90	-44
56f40101d2720b2a4d8b45d6	Second_Floor	3.9	7.6	22	73	-38	57
56f40101d2720b2a4d8b45d6	Second_Floor	4.4	6.5	100	119	-57	-42
56f40101d2720b2a4d8b45d6	Second_Floor	4.6	7.9	246	279	-79	-1.4
56f40101d2720b2a4d8b45d6	Third_Floor	5.7	1000	165	243	125	190
56f40101d2720b2a4d8b45d6	Third_Floor	7.7	11.3	22	73	-73	-38
56f40101d2720b2a4d8b45d6	Third_Floor	6.7	11.6	88	126	-64	-35
56f40101d2720b2a4d8b45d6	Third_Floor	8	11.1	246	279	-79	-1.4
56f40101d2720b2a4d8b45d6	4th_Floor	11.2	54.7	246	279	-79	-1.4
56f40101d2720b2a4d8b45d6	Underground_Level	-1000	0.5	620	635	-137	-125
56f40101d2720b2a4d8b45d6	Underground_Level	-1000	0.5	458	473	-122	-110
56f40101d2720b2a4d8b45d6	Underground_Level	-1000	0.5	308	314	-184	-173
56f40101d2720b2a4d8b45d6	Underground_Level	-1000	0.5	323	349	-88	-32
56f40101d2720b2a4d8b45d6	Underground_Level	-1000	0.5	193	219	-158	-137
56f40101d2720b2a4d8b45d6	Underground_Level	-1000	0.5	88	122	-61	-40
5704e554d2720bac5b8b456e	Second_Floor	-1	2	-1056	504	-415	618
5704e554d2720bac5b8b456e	Third_Floor	2	1000	-1056	504	-415	618
5704e554d2720bac5b8b456e	Underground_Level	-1000	-5	-237	-137	-104	-68
5704e554d2720bac5b8b456e	Underground_Level	-1000	-5	-268	-234	-163	-134
5704e5fad2720bc05b8b4567	2nd_Floor	22.1	25.7	-17	1	164	199
5704e5fad2720bc05b8b4567	2nd_Floor	-3.5	-0.64	-177	-77	26	106
5704e5fad2720bc05b8b4567	2nd_Floor	-3.5	-0.64	51	62	59	108
5704e5fad2720bc05b8b4567	2nd_Floor	-3.5	-0.64	-177	-104	-37	5
5704e5fad2720bc05b8b4567	2nd_Floor	-3.9	-0.6	-85	-47	-47	-18
5704e5fad2720bc05b8b4567	2nd_Floor	-4.3	-2.2	-78	-19.91	-13	39
5704e5fad2720bc05b8b4567	2nd_Floor	-3.8	-1.1	-2	99	-50	7
5704e5fad2720bc05b8b4567	2nd_Floor	-1.9	11.3	137	191	-175	-120
5704e5fad2720bc05b8b4567	2nd_Floor	1	8	-119	-109	-156	-147
5704e5fad2720bc05b8b4567	2nd_Floor	1	8	289	299	-92	-82
5704e5fad2720bc05b8b4567	2nd_Floor	1	8	-7	3	-210	-200
5704e5fad2720bc05b8b4567	2nd_Floor	1	8	185	195	-260	-250
5704e5fad2720bc05b8b4567	2nd_Floor	1	8	266	276	17	27
5704e5fad2720bc05b8b4567	2nd_Floor	-4.1	-1.2	-146	-128	-139	-120
5704e5fad2720bc05b8b4567	3rd_Floor	25.7	29.3	-17	1	164	199
5704e5fad2720bc05b8b4567	3rd_Floor	-0.64	2.23	-177	-77	26	106
5704e5fad2720bc05b8b4567	3rd_Floor	-0.64	2.23	-177	-104	-37	5
5704e5fad2720bc05b8b4567	3rd_Floor	-0.6	10	-85	-47	-47	-18
5704e5fad2720bc05b8b4567	3rd_Floor	-2.2	2.14	-78	-19.91	-13	39
5704e5fad2720bc05b8b4567	3rd_Floor	-1.1	1.6	-2	99	-50	7
5704e5fad2720bc05b8b4567	4th_Floor	29.3	36	-17	1	164	199
5704e5fad2720bc05b8b4567	4th_Floor	2.23	5	-177	-77	26	106
5704e5fad2720bc05b8b4567	4th_Floor	2.15	6.6	-78	-19.91	-13	39
5704e5fad2720bc05b8b4567	4th_Floor	1.6	4.7	-2	99	-50	7
5704e5fad2720bc05b8b4567	5th_Floor	5	9.5	-177	-77	26	106
5704e5fad2720bc05b8b4567	Bunkers	-10000	-7.27	18	128	-208	-33
5704e5fad2720bc05b8b4567	Bunkers	-10000	-7.27	-176	-46	-42	127
5704e5fad2720bc05b8b4567	Bunkers	-10000	-12	-124	-40	124	189
5704e5fad2720bc05b8b4567	Bunkers	-10000	18	-65	23	173	189
5704e5fad2720bc05b8b4567	Bunkers	-7.27	-3.2	19	74	-196	-149
5704e5fad2720bc05b8b4567	Bunkers	-11	-4.6	-274	-246	-79	-53
5704e5fad2720bc05b8b4567	Bunkers	-11	-4.6	126	238	-26	45
5714dbc024597771384a510d	First_Floor	25	34	-222	120	-327	218
5714dbc024597771384a510d	Second_Floor	34	1000	-222	120	-327	218
5714dc692459777137212e12	Second_Floor	10	15	-280	323	-295	532
5714dc692459777137212e12	Third_Floor	15	20	-280	323	-295	532
5714dc692459777137212e12	Fourth_Floor	20	25	-280	323	-295	532
5714dc692459777137212e12	Fifth_Floor	25	10000	-280	323	-295	532
5714dc692459777137212e12	Underground_Level	-10000	-6	-280	323	-295	532
59fc81d786f774390775787e	Second_Floor	3	6	-65.5	77	-64.5	67.4
59fc81d786f774390775787e	Third_Floor	6	10000	-65.5	77	-64.5	67.4
59fc81d786f774390775787e	Basement	-10000	-1	-65.5	77	-64.5	67.4
5b0fc42d86f7744a585f9105	Second_Level	3	10000	-271	-101	-422	-270
5b0fc42d86f7744a585f9105	Technical	-10000	-0.9	-287	-80	-477	-193
653e6760052c01c1c805532f	Second_Floor	28	32.3	-99	249	-124	364
653e6760052c01c1c805532f	Second_Floor	26	31	91	98	216	228
653e6760052c01c1c805532f	Third_Floor	32.3	1000	-99	249	-124	364
653e6760052c01c1c805532f	Underground_Level	-1000	21	43	117	-100	190
653e6760052c01c1c805532f	Underground_Level	-1000	21	117	143	49	80
65b8d6f5cdde2479cb2a3125	Second_Floor	28	32.3	-99	249	-124	364
65b8d6f5cdde2479cb2a3125	Second_Floor	26	31	91	98	216	228
65b8d6f5cdde2479cb2a3125	Third_Floor	32.3	1000	-99	249	-124	364
65b8d6f5cdde2479cb2a3125	Underground_Level	-1000	21	43	117	-100	190
65b8d6f5cdde2479cb2a3125	Underground_Level	-1000	21	117	143	49	80
69af492a4819ea4ba10a69c5	Helipad	19.57	22.1	-65.5	77	-64.5	67.4
69af492a4819ea4ba10a69c5	Gym_Canteen	22.2	25.2	-65.5	77	-64.5	67.4
69af492a4819ea4ba10a69c5	Accommodation_lower	25.3	28.2	-65.5	77	-64.5	67.4
69af492a4819ea4ba10a69c5	Accommodation_mid	28.3	31.3	-65.5	77	-64.5	67.4
69af492a4819ea4ba10a69c5	Accommodation_upper	31.4	34.4	-65.5	77	-64.5	67.4
69af492a4819ea4ba10a69c5	Officers_Deck	34.5	37.5	-65.5	77	-64.5	67.4
69af492a4819ea4ba10a69c5	Stairs_blocked	37.6	40.6	-65.5	77	-64.5	67.4
69af492a4819ea4ba10a69c5	Bridge	40.7	43.7	-65.5	77	-64.5	67.4
69af492a4819ea4ba10a69c5	Bridge_Roof	43.8	10000	-65.5	77	-64.5	67.4
69af492a4819ea4ba10a69c5	Control_Room	-10000	3.5	-65.5	77	-64.5	67.4
69af492a4819ea4ba10a69c5	Engine_Room	3.6	5.6	-65.5	77	-64.5	67.4
69af492a4819ea4ba10a69c5	Engine_Room_upper	5.7	8.7	-65.5	77	-64.5	67.4
69af492a4819ea4ba10a69c5	Fuel_Pumps_lower	8.8	11.8	-65.5	77	-64.5	67.4
69af492a4819ea4ba10a69c5	Fuel_Pumps	11.9	14.9	-65.5	77	-64.5	67.4
69af492a4819ea4ba10a69c5	Storage_Security	15	18.93	-65.5	77	-64.5	67.4
6a294a5b5eb5f9a1700417b7	Second_Level	3	10000	-271	-101	-422	-270
6a294a5b5eb5f9a1700417b7	Technical	-10000	-0.9	-287	-80	-477	-193
