pointId	field	value
extract-007047047e758e2db4f28f1989b762560aece8962c2d85856bbbd5f1aec9df72	switch	false
extract-007047047e758e2db4f28f1989b762560aece8962c2d85856bbbd5f1aec9df72	switches	[]
extract-05970ac3830cba2c35db549c88bd73a1069c6fdd4775bd6b493a423852ee329b	switch	"5077fd224eb1bb588b65e4d3c0b4b5719bdebb66"
extract-05970ac3830cba2c35db549c88bd73a1069c6fdd4775bd6b493a423852ee329b	switches	["5077fd224eb1bb588b65e4d3c0b4b5719bdebb66","d1d16f043cea7be35b2729c5e1e1dd648c6dee13","014e9122e0fad99bcff6f93161712c3c6e1a2a75"]
extract-0b3327720f89fbf795402a66cae648f65aa839cb5ee7d90735cc5d675c119572	switch	false
extract-0b3327720f89fbf795402a66cae648f65aa839cb5ee7d90735cc5d675c119572	switches	[]
extract-0d8c9eb3ecff55aa9000d96858815c6677d037543dcc69f516b0b099b2c2e9ec	switch	false
extract-0d8c9eb3ecff55aa9000d96858815c6677d037543dcc69f516b0b099b2c2e9ec	switches	[]
extract-0fe1cbcf80123d1faf4aaa67b1be557e8ad35b9e803ebb605c1b9b26ef8a1f4e	switch	false
extract-0fe1cbcf80123d1faf4aaa67b1be557e8ad35b9e803ebb605c1b9b26ef8a1f4e	switches	[]
extract-0fe9ef8c05c31cb9b80fdb11319fd257feb1a50b070de388dc6a2286c4601eaf	switch	false
extract-0fe9ef8c05c31cb9b80fdb11319fd257feb1a50b070de388dc6a2286c4601eaf	switches	[]
extract-0fe9ef8c05c31cb9b80fdb11319fd257feb1a50b070de388dc6a2286c4601eaf	transferItem	{"count":20000,"item":"5449016a4bdc2d6f028b456f"}
extract-1222da75a11b4ccfe9a278e56c4bc7ecead3087aaca4f81e6bc7fed5020b356f	switch	false
extract-1222da75a11b4ccfe9a278e56c4bc7ecead3087aaca4f81e6bc7fed5020b356f	switches	[]
extract-12a167c1507e8f880afccdfae200c6dff9cdff32bfe40822622702869b62a1f9	switch	false
extract-12a167c1507e8f880afccdfae200c6dff9cdff32bfe40822622702869b62a1f9	switches	[]
extract-155931b5de15724d5e0edeb3be5633cf7d4ab0c74f58a3ee3926567aab391aaa	switch	false
extract-155931b5de15724d5e0edeb3be5633cf7d4ab0c74f58a3ee3926567aab391aaa	switches	[]
extract-17f3705613ba5e23ced4f3c3cd6033ae72bc133be7e82500a3512c4d71840800	switch	false
extract-17f3705613ba5e23ced4f3c3cd6033ae72bc133be7e82500a3512c4d71840800	switches	[]
extract-185a7ce116783c66e1eea7a10971a6427a3233f08ddf2e99b8b88d24c5b8bb13	switch	false
extract-185a7ce116783c66e1eea7a10971a6427a3233f08ddf2e99b8b88d24c5b8bb13	switches	[]
extract-18d1df3db3044e252662835cd34ba68209a09f35bf68106ba3319a64c81b71a0	switch	false
extract-18d1df3db3044e252662835cd34ba68209a09f35bf68106ba3319a64c81b71a0	switches	[]
extract-18d1df3db3044e252662835cd34ba68209a09f35bf68106ba3319a64c81b71a0	transferItem	{"count":1,"item":"6900a54ae85e475e590c96be"}
extract-1b2741ef3fcf31fdda742f52c872bb3faab85b91d6d6e7ec5a3cc6b8927d6a18	switch	"ae4bdfc1fc5b30100701158b56ae4d20840e0550"
extract-1b2741ef3fcf31fdda742f52c872bb3faab85b91d6d6e7ec5a3cc6b8927d6a18	switches	["ae4bdfc1fc5b30100701158b56ae4d20840e0550"]
extract-1c25c0b106ab235319f7041dae5733fcb4f8643df9a2f8e40af214e638938bbe	switch	false
extract-1c25c0b106ab235319f7041dae5733fcb4f8643df9a2f8e40af214e638938bbe	switches	[]
extract-1d6189b01e280ae944d117d27262887f0b245e9d9724ebba88b5ecda29ff27e8	switch	"5077fd224eb1bb588b65e4d3c0b4b5719bdebb66"
extract-1d6189b01e280ae944d117d27262887f0b245e9d9724ebba88b5ecda29ff27e8	switches	["5077fd224eb1bb588b65e4d3c0b4b5719bdebb66","d1d16f043cea7be35b2729c5e1e1dd648c6dee13","014e9122e0fad99bcff6f93161712c3c6e1a2a75"]
extract-22d15c524eead297469f18c77d51db61ad111275b096c95de6893f799087c365	switch	false
extract-22d15c524eead297469f18c77d51db61ad111275b096c95de6893f799087c365	switches	[]
extract-239e51b7b174421cd5a625eb0f92dc86cef97e42b9eb037fcac61d0c7d079301	switch	false
extract-239e51b7b174421cd5a625eb0f92dc86cef97e42b9eb037fcac61d0c7d079301	switches	[]
extract-2468706376762cbe41211ae362ff6113640ab8e75f00bb89c7a93bfafabd8806	switch	false
extract-2468706376762cbe41211ae362ff6113640ab8e75f00bb89c7a93bfafabd8806	switches	[]
extract-25f3b74ae086584ae2e324e778381051ff0fb45f8f2282dd38116ef02602e406	switch	false
extract-25f3b74ae086584ae2e324e778381051ff0fb45f8f2282dd38116ef02602e406	switches	[]
extract-25f3b74ae086584ae2e324e778381051ff0fb45f8f2282dd38116ef02602e406	transferItem	{"count":1,"item":"675aaae1dcf102478202c537"}
extract-2745c7f79dd805098cba9c59974528f06de01fe5e8edf5bfccadcaa7e0c6af88	switch	false
extract-2745c7f79dd805098cba9c59974528f06de01fe5e8edf5bfccadcaa7e0c6af88	switches	[]
extract-2815471ec3850d832063ba339f6d952791191669a6101ce0764059fbb8497014	switch	false
extract-2815471ec3850d832063ba339f6d952791191669a6101ce0764059fbb8497014	switches	[]
extract-2815471ec3850d832063ba339f6d952791191669a6101ce0764059fbb8497014	transferItem	{"count":1,"item":"675aaa003107dac10006332f"}
extract-28b0ee71ace1803b85abdd898cf9390a5922b7816b09d6fd20c49bb822581843	switch	false
extract-28b0ee71ace1803b85abdd898cf9390a5922b7816b09d6fd20c49bb822581843	switches	[]
extract-2c1522f7c3be174e8c3941820a2ab57a1550a00b71c3db056008055b9c931c5d	switch	false
extract-2c1522f7c3be174e8c3941820a2ab57a1550a00b71c3db056008055b9c931c5d	switches	[]
extract-2c1cf4c68a6ef6851c1af29453f6b3a051b62cee38016e659116ab32ce839e71	switch	false
extract-2c1cf4c68a6ef6851c1af29453f6b3a051b62cee38016e659116ab32ce839e71	switches	[]
extract-2c2af52cabecc1adff8a3e2dc13da0b336972f33706b3bf63ef1ca3f09d75d09	switch	false
extract-2c2af52cabecc1adff8a3e2dc13da0b336972f33706b3bf63ef1ca3f09d75d09	switches	[]
extract-2d52876fe2737a50965fffe107371302e7b4d989c5173c5f6c0318d3dc9bacff	switch	false
extract-2d52876fe2737a50965fffe107371302e7b4d989c5173c5f6c0318d3dc9bacff	switches	[]
extract-2d52876fe2737a50965fffe107371302e7b4d989c5173c5f6c0318d3dc9bacff	transferItem	{"count":20000,"item":"5449016a4bdc2d6f028b456f"}
extract-2e24394e84a46278b16425108959dc98ca3e15b552a269506ffc51a68dde10c7	switch	"ae4bdfc1fc5b30100701158b56ae4d20840e0550"
extract-2e24394e84a46278b16425108959dc98ca3e15b552a269506ffc51a68dde10c7	switches	["ae4bdfc1fc5b30100701158b56ae4d20840e0550"]
extract-2edc1badf7a2f2fc87d0043e55d2bbc23a0bbd37dcbd565239e21ae61dae0441	switch	false
extract-2edc1badf7a2f2fc87d0043e55d2bbc23a0bbd37dcbd565239e21ae61dae0441	switches	[]
extract-2edc1badf7a2f2fc87d0043e55d2bbc23a0bbd37dcbd565239e21ae61dae0441	transferItem	{"count":1,"item":"675aaa8f7f3c962069072b27"}
extract-2fe073e06eede4a3b54a6041f3c909f208d3028917c92c67675f97a1f8b197f9	switch	false
extract-2fe073e06eede4a3b54a6041f3c909f208d3028917c92c67675f97a1f8b197f9	switches	[]
extract-30693a6f7af38eb968224d6305766ad23fac45d4bf25a4d53a3cf11314e4e03e	switch	"ae4bdfc1fc5b30100701158b56ae4d20840e0550"
extract-30693a6f7af38eb968224d6305766ad23fac45d4bf25a4d53a3cf11314e4e03e	switches	["ae4bdfc1fc5b30100701158b56ae4d20840e0550"]
extract-30f3f5c3d9c521d56fc2218e5a89a7b2c04cf70dbf50a9073971989f04e587de	switch	false
extract-30f3f5c3d9c521d56fc2218e5a89a7b2c04cf70dbf50a9073971989f04e587de	switches	[]
extract-334d8fe2fbc8e48784589e95829d72b0d54dcb1dd2c6217c058f50d226d9a6c6	switch	"ae4bdfc1fc5b30100701158b56ae4d20840e0550"
extract-334d8fe2fbc8e48784589e95829d72b0d54dcb1dd2c6217c058f50d226d9a6c6	switches	["ae4bdfc1fc5b30100701158b56ae4d20840e0550"]
extract-35a23b74bc3d549c2276f6af4d798d550bfe46de7fb2a3660e031a1e7e3f9132	switch	false
extract-35a23b74bc3d549c2276f6af4d798d550bfe46de7fb2a3660e031a1e7e3f9132	switches	[]
extract-36160b71866ab3e2a09f772d0e2f1bfcc799f12a853a29e2b97dd420e6b6b369	switch	false
extract-36160b71866ab3e2a09f772d0e2f1bfcc799f12a853a29e2b97dd420e6b6b369	switches	[]
extract-3896687fc69d63aa76fda958741bedf9d1b616af1de45394ea22516be5b002af	switch	false
extract-3896687fc69d63aa76fda958741bedf9d1b616af1de45394ea22516be5b002af	switches	[]
extract-396533eb0f25d96b75423fb92cefea1357502e4ecae4a221bb0e5d5292463171	switch	false
extract-396533eb0f25d96b75423fb92cefea1357502e4ecae4a221bb0e5d5292463171	switches	[]
extract-3aef28a10a5a87cd0f9bb5bf15b2aa525cb40dbcba0306038d669459b3e69f37	switch	"ae4bdfc1fc5b30100701158b56ae4d20840e0550"
extract-3aef28a10a5a87cd0f9bb5bf15b2aa525cb40dbcba0306038d669459b3e69f37	switches	["ae4bdfc1fc5b30100701158b56ae4d20840e0550"]
extract-3aef28a10a5a87cd0f9bb5bf15b2aa525cb40dbcba0306038d669459b3e69f37	transferItem	{"count":20000,"item":"5449016a4bdc2d6f028b456f"}
extract-3b4abb1e7183af844c26400cf4c7d438f571e6668e59bef58d34aac73cf372da	switch	"ae4bdfc1fc5b30100701158b56ae4d20840e0550"
extract-3b4abb1e7183af844c26400cf4c7d438f571e6668e59bef58d34aac73cf372da	switches	["ae4bdfc1fc5b30100701158b56ae4d20840e0550"]
extract-3bde16fb5382a8d3f1129b55ca339a2bce65a9c5de113a517dd909491c331b5b	switch	false
extract-3bde16fb5382a8d3f1129b55ca339a2bce65a9c5de113a517dd909491c331b5b	switches	[]
extract-3ca4ad3766c0acc047477cb0151077b463ff82d1486211a57891ea0bbce5d3e6	switch	false
extract-3ca4ad3766c0acc047477cb0151077b463ff82d1486211a57891ea0bbce5d3e6	switches	[]
extract-3d89437868e50c09139aa524473ddd1b107691f592fbbf0d5c5a60e31d4b826c	switch	false
extract-3d89437868e50c09139aa524473ddd1b107691f592fbbf0d5c5a60e31d4b826c	switches	[]
extract-3e8b3d223f754502c3e88a97d6a37cda07f4db15b1ac97156b07e08791da80ca	switch	false
extract-3e8b3d223f754502c3e88a97d6a37cda07f4db15b1ac97156b07e08791da80ca	switches	[]
extract-405b95d07f1afaa096587fadb24d69e55a055d157b64f3dcd0a19eee8bc3095f	switch	"ae4bdfc1fc5b30100701158b56ae4d20840e0550"
extract-405b95d07f1afaa096587fadb24d69e55a055d157b64f3dcd0a19eee8bc3095f	switches	["ae4bdfc1fc5b30100701158b56ae4d20840e0550"]
extract-43fda8fc79a5437d4319d8800465522ef45a5c212b838d66bab0f10707075000	switch	"ae4bdfc1fc5b30100701158b56ae4d20840e0550"
extract-43fda8fc79a5437d4319d8800465522ef45a5c212b838d66bab0f10707075000	switches	["ae4bdfc1fc5b30100701158b56ae4d20840e0550"]
extract-44a92b7e8a85c632222c7fa5de31d61e2bc4bb5acc8cbe0702fd8550de11257a	switch	false
extract-44a92b7e8a85c632222c7fa5de31d61e2bc4bb5acc8cbe0702fd8550de11257a	switches	[]
extract-4b0d71652a8d13582d7daecf163e86bdbf3495cc8334699b193b3120808eeb31	switch	false
extract-4b0d71652a8d13582d7daecf163e86bdbf3495cc8334699b193b3120808eeb31	switches	[]
extract-4c00432b9124bf3f0dad1824662d27f90634c033d2b144b9ac86bc8edca15d41	switch	false
extract-4c00432b9124bf3f0dad1824662d27f90634c033d2b144b9ac86bc8edca15d41	switches	[]
extract-4d0564dec05bd95d85f4438291f15c4bb822d70d6e6041c21af1218a8b7a46f7	switch	false
extract-4d0564dec05bd95d85f4438291f15c4bb822d70d6e6041c21af1218a8b7a46f7	switches	[]
extract-4e7048ed5bd367558144878d7664d009888b7c62d86f57066f975e6ceee616ea	switch	false
extract-4e7048ed5bd367558144878d7664d009888b7c62d86f57066f975e6ceee616ea	switches	[]
extract-4e7e02fa57ed889b25d9b4178b82651d01d4e9c355123aa33d9db5a1de08d59a	switch	false
extract-4e7e02fa57ed889b25d9b4178b82651d01d4e9c355123aa33d9db5a1de08d59a	switches	[]
extract-52b02a051749f0ab56cce042e6d2498fbcecf57c9ad35da7e2b2c099f4d7aef0	switch	false
extract-52b02a051749f0ab56cce042e6d2498fbcecf57c9ad35da7e2b2c099f4d7aef0	switches	[]
extract-52f95747ec27e7b5d4043ed92d3dbdc556a9e5eb35eff6c11353fb6f1a7395a0	switch	false
extract-52f95747ec27e7b5d4043ed92d3dbdc556a9e5eb35eff6c11353fb6f1a7395a0	switches	[]
extract-52f95747ec27e7b5d4043ed92d3dbdc556a9e5eb35eff6c11353fb6f1a7395a0	transferItem	{"count":20000,"item":"5449016a4bdc2d6f028b456f"}
extract-568a31a39dd7f55deaf6ebedcc8b5845f51a904a53633a8a15fb2e0cb28b209c	switch	false
extract-568a31a39dd7f55deaf6ebedcc8b5845f51a904a53633a8a15fb2e0cb28b209c	switches	[]
extract-56f9184b99aabed9044f9c990be903286be5f041c977dac2c3451f67c15f2da0	switch	false
extract-56f9184b99aabed9044f9c990be903286be5f041c977dac2c3451f67c15f2da0	switches	[]
extract-56f9184b99aabed9044f9c990be903286be5f041c977dac2c3451f67c15f2da0	transferItem	{"count":1,"item":"675aaaf674a7619a5304c233"}
extract-5afb18d0d43913bc3636f0961f45597a193558f47900df0bcacc9730f179739a	switch	false
extract-5afb18d0d43913bc3636f0961f45597a193558f47900df0bcacc9730f179739a	switches	[]
extract-5c5459fcd55183b36806bdbc478eb810741becca233645ae56eb7d68c533abb4	switch	false
extract-5c5459fcd55183b36806bdbc478eb810741becca233645ae56eb7d68c533abb4	switches	[]
extract-5c9f1c4421ed3ca9cbd253cb870098dea97c704fe6c7b2cc6d5acbce3185d785	switch	false
extract-5c9f1c4421ed3ca9cbd253cb870098dea97c704fe6c7b2cc6d5acbce3185d785	switches	[]
extract-66320df552a2c0bae6c9867c8b616d4cd4b9ca7953cb3f4b6969a8551afa271b	switch	false
extract-66320df552a2c0bae6c9867c8b616d4cd4b9ca7953cb3f4b6969a8551afa271b	switches	[]
extract-66320df552a2c0bae6c9867c8b616d4cd4b9ca7953cb3f4b6969a8551afa271b	transferItem	{"count":20000,"item":"5449016a4bdc2d6f028b456f"}
extract-692e89421cacc6f4c441f49c118cafd140a0a6838a6a73fd8e3ee06a6e2e5f04	switch	"ae4bdfc1fc5b30100701158b56ae4d20840e0550"
extract-692e89421cacc6f4c441f49c118cafd140a0a6838a6a73fd8e3ee06a6e2e5f04	switches	["ae4bdfc1fc5b30100701158b56ae4d20840e0550"]
extract-69731ba6dcc7a7a62a6336c8a9a68dd0d2571ec69ccc1a120acbc7a592a7b8e2	switch	false
extract-69731ba6dcc7a7a62a6336c8a9a68dd0d2571ec69ccc1a120acbc7a592a7b8e2	switches	[]
extract-6a0e79aee40332166d5c7b3deb6460072a1c58135173a22d5915bf80f70b3f2b	switch	false
extract-6a0e79aee40332166d5c7b3deb6460072a1c58135173a22d5915bf80f70b3f2b	switches	[]
extract-6ab48ff4e5d50311db874595ec853506ad4685bb6b67a2b5e2fc3867d567eb0b	switch	false
extract-6ab48ff4e5d50311db874595ec853506ad4685bb6b67a2b5e2fc3867d567eb0b	switches	[]
extract-6ab48ff4e5d50311db874595ec853506ad4685bb6b67a2b5e2fc3867d567eb0b	transferItem	{"count":20000,"item":"5449016a4bdc2d6f028b456f"}
extract-6b8beb360b424c0148ff04c625e066ba5b1715971b47f4fe09290fe76bdd1616	switch	false
extract-6b8beb360b424c0148ff04c625e066ba5b1715971b47f4fe09290fe76bdd1616	switches	[]
extract-6b969d9df2d10212046c9e7642d075d8e1dc26d40884fc3a26299a6d05414d24	switch	false
extract-6b969d9df2d10212046c9e7642d075d8e1dc26d40884fc3a26299a6d05414d24	switches	[]
extract-6eea7e5a1cf0c866fa01fc400da49a7f4da43e2c3efa308784e097bc72f37a1b	switch	"ae4bdfc1fc5b30100701158b56ae4d20840e0550"
extract-6eea7e5a1cf0c866fa01fc400da49a7f4da43e2c3efa308784e097bc72f37a1b	switches	["ae4bdfc1fc5b30100701158b56ae4d20840e0550"]
extract-708b8c5523e9c078373a08ad78ddc6a82561e57b42d1ff2264794a739e9c8c6d	switch	false
extract-708b8c5523e9c078373a08ad78ddc6a82561e57b42d1ff2264794a739e9c8c6d	switches	[]
extract-71a2e96dc99f3a72344245d2f297e170e0781d33756e6bc3b677186b8596ec2c	switch	false
extract-71a2e96dc99f3a72344245d2f297e170e0781d33756e6bc3b677186b8596ec2c	switches	[]
extract-7347a92ce8ccb2aa0a0326bddbfbbbac859eccd8f5b48aa1dfe5bb7a81f367dd	switch	false
extract-7347a92ce8ccb2aa0a0326bddbfbbbac859eccd8f5b48aa1dfe5bb7a81f367dd	switches	[]
extract-7455cb3f0e869dfd9ed31bed00f5c7102d1d1cbb56b75e80f3546cd4408bd665	switch	false
extract-7455cb3f0e869dfd9ed31bed00f5c7102d1d1cbb56b75e80f3546cd4408bd665	switches	[]
extract-74eda2c88e96ddbb41f0c4bfd4dad6dac4f15184f57e8041d0740411cf5de649	switch	"ae4bdfc1fc5b30100701158b56ae4d20840e0550"
extract-74eda2c88e96ddbb41f0c4bfd4dad6dac4f15184f57e8041d0740411cf5de649	switches	["ae4bdfc1fc5b30100701158b56ae4d20840e0550"]
extract-76063a8242734e6560cf67988e2cd15c3fc594673ba7f401bf19b54f8d82bcba	switch	false
extract-76063a8242734e6560cf67988e2cd15c3fc594673ba7f401bf19b54f8d82bcba	switches	[]
extract-79b65b0c128b525c9650e6ee4754bdc42dceda0ba230bddc65443813e092c0f4	switch	false
extract-79b65b0c128b525c9650e6ee4754bdc42dceda0ba230bddc65443813e092c0f4	switches	[]
extract-7b7ba83685d015803564a0cdb5b245cc3cb01b4ce915e34b091d96d5d2b9a992	switch	false
extract-7b7ba83685d015803564a0cdb5b245cc3cb01b4ce915e34b091d96d5d2b9a992	switches	[]
extract-7dd93a2993c0e316df787ca75cf6c2b98fc7a6bd147e372bb924801adf37add4	switch	false
extract-7dd93a2993c0e316df787ca75cf6c2b98fc7a6bd147e372bb924801adf37add4	switches	[]
extract-7dd93a2993c0e316df787ca75cf6c2b98fc7a6bd147e372bb924801adf37add4	transferItem	{"count":2400,"item":"569668774bdc2da2298b4568"}
extract-7f4286d6cebd8b14262a803b02ff0684c61598cc4c4322ccf416052a1f4c16d1	switch	false
extract-7f4286d6cebd8b14262a803b02ff0684c61598cc4c4322ccf416052a1f4c16d1	switches	[]
extract-832c93afe8cea9c190431d8de6bca574acc4013f93ff255dbbc30cfd06c2a621	switch	false
extract-832c93afe8cea9c190431d8de6bca574acc4013f93ff255dbbc30cfd06c2a621	switches	[]
extract-83a0e57a754754abaed2e68354ad4857217ed05cd2908041aa50683accd32bc7	switch	false
extract-83a0e57a754754abaed2e68354ad4857217ed05cd2908041aa50683accd32bc7	switches	[]
extract-83a0e57a754754abaed2e68354ad4857217ed05cd2908041aa50683accd32bc7	transferItem	{"count":1,"item":"675aaa9a3107dac100063331"}
extract-83a519e478d27a3e366a16ae6c2493dc4c1a43a059a46845950c68d5830d8c23	switch	false
extract-83a519e478d27a3e366a16ae6c2493dc4c1a43a059a46845950c68d5830d8c23	switches	[]
extract-84a737cce3e373669b38d7bdb45b563181a8e66905006ea85a1c92117265fe23	switch	"ae4bdfc1fc5b30100701158b56ae4d20840e0550"
extract-84a737cce3e373669b38d7bdb45b563181a8e66905006ea85a1c92117265fe23	switches	["ae4bdfc1fc5b30100701158b56ae4d20840e0550"]
extract-85e42bb512cab37a8c424c8075d7cd020b91a40d980e9433e18253a03c628363	switch	false
extract-85e42bb512cab37a8c424c8075d7cd020b91a40d980e9433e18253a03c628363	switches	[]
extract-872aa5dcf63eef53ae4737817df3241817673aa4b46b8d33cffb92a3d237255b	switch	false
extract-872aa5dcf63eef53ae4737817df3241817673aa4b46b8d33cffb92a3d237255b	switches	[]
extract-8835df80f1cbfd7701c18bb81e9cc1e8296861a91a3458f213ed26ef29753012	switch	"ae4bdfc1fc5b30100701158b56ae4d20840e0550"
extract-8835df80f1cbfd7701c18bb81e9cc1e8296861a91a3458f213ed26ef29753012	switches	["ae4bdfc1fc5b30100701158b56ae4d20840e0550"]
extract-898a64fa4930f120310cbef09eb9506074dd915e059d2a7e1a4449581d1c7d0c	switch	"ae4bdfc1fc5b30100701158b56ae4d20840e0550"
extract-898a64fa4930f120310cbef09eb9506074dd915e059d2a7e1a4449581d1c7d0c	switches	["ae4bdfc1fc5b30100701158b56ae4d20840e0550"]
extract-898a64fa4930f120310cbef09eb9506074dd915e059d2a7e1a4449581d1c7d0c	transferItem	{"count":1,"item":"675aaab74bca0b001d02f356"}
extract-8993081422926ee4efc863267a17d8615a2dec469c570cd572819f6f8f50175b	switch	false
extract-8993081422926ee4efc863267a17d8615a2dec469c570cd572819f6f8f50175b	switches	[]
extract-89da4aadc3848a053b4bf16fd82798f0436a44d0298718897d8993ffa4561883	switch	"ae4bdfc1fc5b30100701158b56ae4d20840e0550"
extract-89da4aadc3848a053b4bf16fd82798f0436a44d0298718897d8993ffa4561883	switches	["ae4bdfc1fc5b30100701158b56ae4d20840e0550"]
extract-8a149524589d15c78ccf221940d4b7fef8406425078ca5acc72c6311b6439bc0	switch	false
extract-8a149524589d15c78ccf221940d4b7fef8406425078ca5acc72c6311b6439bc0	switches	[]
extract-8c0c0588f75b5e5340302aba72e7a9b640ef25e349beb0d261f9074d2c24af4b	switch	false
extract-8c0c0588f75b5e5340302aba72e7a9b640ef25e349beb0d261f9074d2c24af4b	switches	[]
extract-8e63390ac8828f5f83d1d38e7894d891462024746266924993d99f210667176a	switch	false
extract-8e63390ac8828f5f83d1d38e7894d891462024746266924993d99f210667176a	switches	[]
extract-93eb048fded8ccc48bced047c215a2f6f9a9685e3e51d5eca2391f870396399c	switch	"5077fd224eb1bb588b65e4d3c0b4b5719bdebb66"
extract-93eb048fded8ccc48bced047c215a2f6f9a9685e3e51d5eca2391f870396399c	switches	["5077fd224eb1bb588b65e4d3c0b4b5719bdebb66","d1d16f043cea7be35b2729c5e1e1dd648c6dee13","014e9122e0fad99bcff6f93161712c3c6e1a2a75"]
extract-941a6e96a01862780179a0f606a12a2e4da3bfba794d822f28b57cee9eb0debe	switch	false
extract-941a6e96a01862780179a0f606a12a2e4da3bfba794d822f28b57cee9eb0debe	switches	[]
extract-951558ad14e33176f7c26345b6ece4e374e0c6563c147465e640573faad3546a	switch	"5077fd224eb1bb588b65e4d3c0b4b5719bdebb66"
extract-951558ad14e33176f7c26345b6ece4e374e0c6563c147465e640573faad3546a	switches	["5077fd224eb1bb588b65e4d3c0b4b5719bdebb66","d1d16f043cea7be35b2729c5e1e1dd648c6dee13","014e9122e0fad99bcff6f93161712c3c6e1a2a75"]
extract-9852a9ba39285af0ac2ceeda0f2cc57e77b6943355733d97ee6c6f397b56b219	switch	false
extract-9852a9ba39285af0ac2ceeda0f2cc57e77b6943355733d97ee6c6f397b56b219	switches	[]
extract-9c23a84675a5ccb0cc61aa06868639fe6f9e00fc36e2d4c141c86bd5ddeeefd4	switch	false
extract-9c23a84675a5ccb0cc61aa06868639fe6f9e00fc36e2d4c141c86bd5ddeeefd4	switches	[]
extract-9d4cc815b692dcae76d74bf7ea39f7dc90688ab4ff1f60d8cbd4cf3d457dab43	switch	"ae4bdfc1fc5b30100701158b56ae4d20840e0550"
extract-9d4cc815b692dcae76d74bf7ea39f7dc90688ab4ff1f60d8cbd4cf3d457dab43	switches	["ae4bdfc1fc5b30100701158b56ae4d20840e0550"]
extract-9d4cc815b692dcae76d74bf7ea39f7dc90688ab4ff1f60d8cbd4cf3d457dab43	transferItem	{"count":1,"item":"675aaab74bca0b001d02f356"}
extract-9f0c60b36da38e33432e71921c342f8dfefd6746787453721d92da5fc66e1088	switch	false
extract-9f0c60b36da38e33432e71921c342f8dfefd6746787453721d92da5fc66e1088	switches	[]
extract-9f0c60b36da38e33432e71921c342f8dfefd6746787453721d92da5fc66e1088	transferItem	{"count":1,"item":"675aaaf674a7619a5304c233"}
extract-9f3be00e3bb32fb11a641be6a38dd994abb315fd4c51b2a7650abc5663273879	switch	"ae4bdfc1fc5b30100701158b56ae4d20840e0550"
extract-9f3be00e3bb32fb11a641be6a38dd994abb315fd4c51b2a7650abc5663273879	switches	["ae4bdfc1fc5b30100701158b56ae4d20840e0550"]
extract-9f6688a29da6830f5621b163836b16d792b97228c1c8dae73f0886ff41526afb	switch	"5077fd224eb1bb588b65e4d3c0b4b5719bdebb66"
extract-9f6688a29da6830f5621b163836b16d792b97228c1c8dae73f0886ff41526afb	switches	["5077fd224eb1bb588b65e4d3c0b4b5719bdebb66","d1d16f043cea7be35b2729c5e1e1dd648c6dee13","014e9122e0fad99bcff6f93161712c3c6e1a2a75"]
extract-a040d7e0c313852ded6e58bab085774e23f280d35be2a2e27729de5a3398c40b	switch	false
extract-a040d7e0c313852ded6e58bab085774e23f280d35be2a2e27729de5a3398c40b	switches	[]
extract-a0be246adb77393689fcd256820b54970317262128ccb1276fb61706b6dd23d4	switch	false
extract-a0be246adb77393689fcd256820b54970317262128ccb1276fb61706b6dd23d4	switches	[]
extract-a1f5a597509a9d992542cb42effd72c6059c479b5d433fed4cbf48ca363d58c9	switch	false
extract-a1f5a597509a9d992542cb42effd72c6059c479b5d433fed4cbf48ca363d58c9	switches	[]
extract-a4c774af0d5d3e47bd573b2feb71081be1c9a273743485f1b76896f1354f8726	switch	false
extract-a4c774af0d5d3e47bd573b2feb71081be1c9a273743485f1b76896f1354f8726	switches	[]
extract-a542ae14aaac0d84a4bdd1c5df72d6e9ab696935116e851889fcb3fcbe93bdd3	switch	false
extract-a542ae14aaac0d84a4bdd1c5df72d6e9ab696935116e851889fcb3fcbe93bdd3	switches	[]
extract-a622948dfccafe4cd561e9c57f7166bf62b2b10d0464e0af7932568675c84fdb	switch	false
extract-a622948dfccafe4cd561e9c57f7166bf62b2b10d0464e0af7932568675c84fdb	switches	[]
extract-a69d77e1c37e67abb3fd56c758c31d38ca10bfb92cebf74a0b6dbc665541e57f	switch	false
extract-a69d77e1c37e67abb3fd56c758c31d38ca10bfb92cebf74a0b6dbc665541e57f	switches	[]
extract-a6ac2302cf77af599d14ee48a8ce4ac02a695bd11194ae03577a50a7b808f396	switch	false
extract-a6ac2302cf77af599d14ee48a8ce4ac02a695bd11194ae03577a50a7b808f396	switches	[]
extract-a6ac2302cf77af599d14ee48a8ce4ac02a695bd11194ae03577a50a7b808f396	transferItem	{"count":1,"item":"67e183377c6c2011970f3149"}
extract-a8b2e559c32bfb3461dfa7357ffa7e4451ccdae985cc4142d3451ed4333d445c	switch	false
extract-a8b2e559c32bfb3461dfa7357ffa7e4451ccdae985cc4142d3451ed4333d445c	switches	[]
extract-aa917679140357e4418727b1c53ff562a802d7ad335edf2a0a8426d1ff7dd837	switch	"ae4bdfc1fc5b30100701158b56ae4d20840e0550"
extract-aa917679140357e4418727b1c53ff562a802d7ad335edf2a0a8426d1ff7dd837	switches	["ae4bdfc1fc5b30100701158b56ae4d20840e0550"]
extract-ac96a2c8cadb6075f5ce9aa40d028b0124e223aeef7b43456c99b640c75e484c	switch	"ae4bdfc1fc5b30100701158b56ae4d20840e0550"
extract-ac96a2c8cadb6075f5ce9aa40d028b0124e223aeef7b43456c99b640c75e484c	switches	["ae4bdfc1fc5b30100701158b56ae4d20840e0550"]
extract-adb2e24556214925fafea663b7fb858b686bde61b54b9e6db1f9fa511945e212	switch	false
extract-adb2e24556214925fafea663b7fb858b686bde61b54b9e6db1f9fa511945e212	switches	[]
extract-adc1582010bc5ceff993d5e8e0339d266e76f9045f0ed3d065bbe4482c9410de	switch	false
extract-adc1582010bc5ceff993d5e8e0339d266e76f9045f0ed3d065bbe4482c9410de	switches	[]
extract-adef9d54b70d5d82c368eb7363f32e77dfe57177790c88c7abe9b57c0577b7c3	switch	"ae4bdfc1fc5b30100701158b56ae4d20840e0550"
extract-adef9d54b70d5d82c368eb7363f32e77dfe57177790c88c7abe9b57c0577b7c3	switches	["ae4bdfc1fc5b30100701158b56ae4d20840e0550"]
extract-af8ac0903c6bf612daf4240793cd418d2ee0f3b3ac09eb3f1c676b348d472050	switch	false
extract-af8ac0903c6bf612daf4240793cd418d2ee0f3b3ac09eb3f1c676b348d472050	switches	[]
extract-b2a3ca3004e97dfbe7c92216d70afa9cb0cb6e2123cfd956e6a86a56c5a01321	switch	false
extract-b2a3ca3004e97dfbe7c92216d70afa9cb0cb6e2123cfd956e6a86a56c5a01321	switches	[]
extract-b5bc6eb093b5e20026a7978bafc306c1d3f275dff4585ab27e1d427e2c9dcea5	switch	false
extract-b5bc6eb093b5e20026a7978bafc306c1d3f275dff4585ab27e1d427e2c9dcea5	switches	[]
extract-b66c4e9dbe31bec3abca86925bb1b3d397f5c9c7d159925bc8710dda2e2eba28	switch	false
extract-b66c4e9dbe31bec3abca86925bb1b3d397f5c9c7d159925bc8710dda2e2eba28	switches	[]
extract-b993300b4ca826041c96b962911918bf603d2bc3c7b1764453d3fd0516173f50	switch	false
extract-b993300b4ca826041c96b962911918bf603d2bc3c7b1764453d3fd0516173f50	switches	[]
extract-bde2ee2e34d1d719388c8165e3adc1f230956c3cbf14cbb373d3567d908d0ca6	switch	false
extract-bde2ee2e34d1d719388c8165e3adc1f230956c3cbf14cbb373d3567d908d0ca6	switches	[]
extract-be6f085789045e43f8dc6e7a64f1d9da245e984f720eacf05e24ae5c1eaae664	switch	false
extract-be6f085789045e43f8dc6e7a64f1d9da245e984f720eacf05e24ae5c1eaae664	switches	[]
extract-c9529e0e8ca3976d72c46b0b3ccc81afecf14e028ecc9fdebfe58e3e48e3e783	switch	false
extract-c9529e0e8ca3976d72c46b0b3ccc81afecf14e028ecc9fdebfe58e3e48e3e783	switches	[]
extract-cb37457bd183b852d3019ffeeade75b1c138da9a5a473305aeff21a4d8b3b914	switch	false
extract-cb37457bd183b852d3019ffeeade75b1c138da9a5a473305aeff21a4d8b3b914	switches	[]
extract-ce0e261e557e097934feb88169fa2107ebea13ebe17f7c02ac4fd35ca65daf12	switch	false
extract-ce0e261e557e097934feb88169fa2107ebea13ebe17f7c02ac4fd35ca65daf12	switches	[]
extract-ceb5a07889c8cf418cb3d2795d3588e2ae1af7f7c2b35893b1b6f959f893bbe5	switch	false
extract-ceb5a07889c8cf418cb3d2795d3588e2ae1af7f7c2b35893b1b6f959f893bbe5	switches	[]
extract-cec70723a57d367a3a8cca4b8802164301376873c675bb1d655c317c716674c6	switch	"ae4bdfc1fc5b30100701158b56ae4d20840e0550"
extract-cec70723a57d367a3a8cca4b8802164301376873c675bb1d655c317c716674c6	switches	["ae4bdfc1fc5b30100701158b56ae4d20840e0550"]
extract-cf66f68459739403af9c2be52dab0e82f5b32dc7cb068501295bb74926e5e31e	switch	false
extract-cf66f68459739403af9c2be52dab0e82f5b32dc7cb068501295bb74926e5e31e	switches	[]
extract-d07a3c571733d0a4995f5afab8d19a07d2578c2c9cd0735928a6a68c8150dd38	switch	false
extract-d07a3c571733d0a4995f5afab8d19a07d2578c2c9cd0735928a6a68c8150dd38	switches	[]
extract-d1eb04f6d1ffc5e1dafca1e988a59746105739478dc668ed819fb374c756a13e	switch	"ae4bdfc1fc5b30100701158b56ae4d20840e0550"
extract-d1eb04f6d1ffc5e1dafca1e988a59746105739478dc668ed819fb374c756a13e	switches	["ae4bdfc1fc5b30100701158b56ae4d20840e0550"]
extract-d376a8d9636fd4f387855cf8c855e0d7086317d631f7a28dca7411dac70a50db	switch	false
extract-d376a8d9636fd4f387855cf8c855e0d7086317d631f7a28dca7411dac70a50db	switches	[]
extract-d376a8d9636fd4f387855cf8c855e0d7086317d631f7a28dca7411dac70a50db	transferItem	{"count":1,"item":"675aaae75a3ab8372d0b02a7"}
extract-d5ee6dec6cdd0a212b17bc8a17ed36dbd2b9617206c974e1e54cb3296f7fd608	switch	"ae4bdfc1fc5b30100701158b56ae4d20840e0550"
extract-d5ee6dec6cdd0a212b17bc8a17ed36dbd2b9617206c974e1e54cb3296f7fd608	switches	["ae4bdfc1fc5b30100701158b56ae4d20840e0550"]
extract-d670612709535a84bbb3b11fc86df11abce374d0bd7e3b8d11d815d47ef913d8	switch	"ae4bdfc1fc5b30100701158b56ae4d20840e0550"
extract-d670612709535a84bbb3b11fc86df11abce374d0bd7e3b8d11d815d47ef913d8	switches	["ae4bdfc1fc5b30100701158b56ae4d20840e0550"]
extract-d72d44eb1e4b72a35741d8e1c5ffcf32d1ab514405c9bbcce1052142b2c21e6d	switch	false
extract-d72d44eb1e4b72a35741d8e1c5ffcf32d1ab514405c9bbcce1052142b2c21e6d	switches	[]
extract-d72d44eb1e4b72a35741d8e1c5ffcf32d1ab514405c9bbcce1052142b2c21e6d	transferItem	{"count":20000,"item":"5449016a4bdc2d6f028b456f"}
extract-d80df1385914d8c3ea3dde699d81f1a02df938adc5d8e81f1688e2b4c8c2d64e	switch	false
extract-d80df1385914d8c3ea3dde699d81f1a02df938adc5d8e81f1688e2b4c8c2d64e	switches	[]
extract-d8719d57a4db10ecbc8ee4325c06e39102624c3a1e323c69a10ae7a4a558135f	switch	false
extract-d8719d57a4db10ecbc8ee4325c06e39102624c3a1e323c69a10ae7a4a558135f	switches	[]
extract-d9ed3ba4a1625bb7c7ab91ee23a371c0b6f1d990e7e172d54d6e4eb07c102027	switch	false
extract-d9ed3ba4a1625bb7c7ab91ee23a371c0b6f1d990e7e172d54d6e4eb07c102027	switches	[]
extract-dac43ab7a5698c860073952be21b8c6438948ee6b9863dc447b68da853905a56	switch	false
extract-dac43ab7a5698c860073952be21b8c6438948ee6b9863dc447b68da853905a56	switches	[]
extract-db9f2e080cf64eae59dc413073577d100d36fa5c1a34db8d6b6c860f96ceb9fd	switch	false
extract-db9f2e080cf64eae59dc413073577d100d36fa5c1a34db8d6b6c860f96ceb9fd	switches	[]
extract-dd8aaaf1d17ba031216678b194a26165e73722feaa491146e05d88d16e0e2ff4	switch	false
extract-dd8aaaf1d17ba031216678b194a26165e73722feaa491146e05d88d16e0e2ff4	switches	[]
extract-ded72aea434cd07fa6e43d1a5faf3ee75f2b47f8f0936791a6cf258e42d894bd	switch	"ae4bdfc1fc5b30100701158b56ae4d20840e0550"
extract-ded72aea434cd07fa6e43d1a5faf3ee75f2b47f8f0936791a6cf258e42d894bd	switches	["ae4bdfc1fc5b30100701158b56ae4d20840e0550"]
extract-dfc04b0f3b9eb663b187cf06875d4e8b46613f31cbc2d416b58c523bc894dabb	switch	false
extract-dfc04b0f3b9eb663b187cf06875d4e8b46613f31cbc2d416b58c523bc894dabb	switches	[]
extract-dfc04b0f3b9eb663b187cf06875d4e8b46613f31cbc2d416b58c523bc894dabb	transferItem	{"count":1,"item":"675aaae75a3ab8372d0b02a7"}
extract-e28e0f21a7019daa2b7e21285eab3eddc8d1471c9844f279246f1c9da0c3f5a3	switch	false
extract-e28e0f21a7019daa2b7e21285eab3eddc8d1471c9844f279246f1c9da0c3f5a3	switches	[]
extract-e37ffce90a7abc5ce624b62e74daffc644235a58ddfe93c6ad2f1c6c3086cb84	switch	false
extract-e37ffce90a7abc5ce624b62e74daffc644235a58ddfe93c6ad2f1c6c3086cb84	switches	[]
extract-e4c856d1c28c92ffcb3e9070ab9d5929b550a1a2be003a352d9696a6157cdbeb	switch	false
extract-e4c856d1c28c92ffcb3e9070ab9d5929b550a1a2be003a352d9696a6157cdbeb	switches	[]
extract-e897d233998e7bdcdb3de066ce36179e40da7ea28cbd13a79dadbeb08ff877e3	switch	false
extract-e897d233998e7bdcdb3de066ce36179e40da7ea28cbd13a79dadbeb08ff877e3	switches	[]
extract-e96841d9725f1d31f84d065ebdf31f162fcac2429bbd97ac2bfa8b5eb52345e6	switch	false
extract-e96841d9725f1d31f84d065ebdf31f162fcac2429bbd97ac2bfa8b5eb52345e6	switches	[]
extract-e98b0f882f9bdfd1b26ffe5902af9785b8ffd39fb8291e622837f5ef29f46017	switch	"5077fd224eb1bb588b65e4d3c0b4b5719bdebb66"
extract-e98b0f882f9bdfd1b26ffe5902af9785b8ffd39fb8291e622837f5ef29f46017	switches	["5077fd224eb1bb588b65e4d3c0b4b5719bdebb66","d1d16f043cea7be35b2729c5e1e1dd648c6dee13","014e9122e0fad99bcff6f93161712c3c6e1a2a75"]
extract-eb229a4438df2c2e0d45fc855b08704a9628cb87cf2bea6629c9d42d218727b8	switch	false
extract-eb229a4438df2c2e0d45fc855b08704a9628cb87cf2bea6629c9d42d218727b8	switches	[]
extract-ec6c1ac3d83fa9409816d1a17788dcc28837492d3e5f2e651ed7f7296930245b	switch	"5077fd224eb1bb588b65e4d3c0b4b5719bdebb66"
extract-ec6c1ac3d83fa9409816d1a17788dcc28837492d3e5f2e651ed7f7296930245b	switches	["5077fd224eb1bb588b65e4d3c0b4b5719bdebb66","d1d16f043cea7be35b2729c5e1e1dd648c6dee13","014e9122e0fad99bcff6f93161712c3c6e1a2a75"]
extract-ed43d25893f9f5fdcd678b5f7c8ba8ea7bb83be51a8e017648679d29692c61d0	switch	false
extract-ed43d25893f9f5fdcd678b5f7c8ba8ea7bb83be51a8e017648679d29692c61d0	switches	[]
extract-efa27f884a1047c77441d901a08fdf7522552570a3217984a1a1282454e71b68	switch	false
extract-efa27f884a1047c77441d901a08fdf7522552570a3217984a1a1282454e71b68	switches	[]
extract-effe9424318dd76e2f9f42c201f4329ca22ecafa53885ca048d05bc236def441	switch	false
extract-effe9424318dd76e2f9f42c201f4329ca22ecafa53885ca048d05bc236def441	switches	[]
extract-f09c6858b5391f8b419d85b39692634cc5c6087c07140a59b20d9906373c530d	switch	false
extract-f09c6858b5391f8b419d85b39692634cc5c6087c07140a59b20d9906373c530d	switches	[]
extract-f09c6858b5391f8b419d85b39692634cc5c6087c07140a59b20d9906373c530d	transferItem	{"count":1,"item":"675aab0d6b6addc02a08f097"}
extract-f1f7b508673f9f4e7c2570a9fb023106ad02f5bdd7811fd2481eb7e0d5bf9ffb	switch	false
extract-f1f7b508673f9f4e7c2570a9fb023106ad02f5bdd7811fd2481eb7e0d5bf9ffb	switches	[]
extract-f242a6228bd9ae3d3e959241ed4b103fd5f4c407c60294df7532249d30500568	switch	false
extract-f242a6228bd9ae3d3e959241ed4b103fd5f4c407c60294df7532249d30500568	switches	[]
extract-f739501a3f56e45e9fdf8dc445b6ea314ca2153ded4ed990b68b1b70d716292c	switch	false
extract-f739501a3f56e45e9fdf8dc445b6ea314ca2153ded4ed990b68b1b70d716292c	switches	[]
extract-f7f3741fcb7c9b20ebf2d2a7bc48e3c30b8bc2906b454bdfd73f260a1f46a9cb	switch	false
extract-f7f3741fcb7c9b20ebf2d2a7bc48e3c30b8bc2906b454bdfd73f260a1f46a9cb	switches	[]
extract-f80db894c47c090128b47690bce5d65ee4a0b63cbab4a9c19f62fd43b6ddda9c	switch	false
extract-f80db894c47c090128b47690bce5d65ee4a0b63cbab4a9c19f62fd43b6ddda9c	switches	[]
extract-f8a4f29f2c99e783ea8cc0820263fadf036ff6e8e013940695b96fd4abae59fa	switch	false
extract-f8a4f29f2c99e783ea8cc0820263fadf036ff6e8e013940695b96fd4abae59fa	switches	[]
extract-fabf6b87a2ef22e959311f32d90576a1b451e9800ac33daa6e801f6d12fb4ef6	switch	"ae4bdfc1fc5b30100701158b56ae4d20840e0550"
extract-fabf6b87a2ef22e959311f32d90576a1b451e9800ac33daa6e801f6d12fb4ef6	switches	["ae4bdfc1fc5b30100701158b56ae4d20840e0550"]
extract-fbb89bd5285144a62cad2eaf0fb40fdb54653f8086ad8550b3e05a014b893035	switch	false
extract-fbb89bd5285144a62cad2eaf0fb40fdb54653f8086ad8550b3e05a014b893035	switches	[]
extract-fbcb8ff6a73dacfa32b6fd0c72b3d0a431e22f49f72802ebf9930555ff936f73	switch	"ae4bdfc1fc5b30100701158b56ae4d20840e0550"
extract-fbcb8ff6a73dacfa32b6fd0c72b3d0a431e22f49f72802ebf9930555ff936f73	switches	["ae4bdfc1fc5b30100701158b56ae4d20840e0550"]
extract-ffa662491ae19376b5a5ab908fb280fa87e3efcc916bfd5ffb57585db622679e	switch	false
extract-ffa662491ae19376b5a5ab908fb280fa87e3efcc916bfd5ffb57585db622679e	switches	[]
extract-ffcc20c1ae615f83c974f7dc0c4af3b674b7f348b9b601f83785f1e1265a66ae	switch	false
extract-ffcc20c1ae615f83c974f7dc0c4af3b674b7f348b9b601f83785f1e1265a66ae	switches	[]
