mode	id	nameZh	nameEn	imageKey
regular	54cb50c76803fa8b248b4571	Prapor	Prapor	trader-54cb50c76803fa8b248b4571
regular	54cb57776803fa99248b456e	Therapist	Therapist	trader-54cb57776803fa99248b456e
regular	579dc571d53a0658a154fbec	Fence	Fence	trader-579dc571d53a0658a154fbec
regular	58330581ace78e27b8b10cee	Skier	Skier	trader-58330581ace78e27b8b10cee
regular	5935c25fb3acc3127c3d8cd9	Peacekeeper	Peacekeeper	trader-5935c25fb3acc3127c3d8cd9
regular	5a7c2eca46aef81a7ca2145d	Mechanic	Mechanic	trader-5a7c2eca46aef81a7ca2145d
regular	5ac3b934156ae10c4430e83c	Ragman	Ragman	trader-5ac3b934156ae10c4430e83c
regular	5c0647fdd443bc2504c2d371	Jaeger	Jaeger	trader-5c0647fdd443bc2504c2d371
regular	638f541a29ffd1183d187f57	Lightkeeper	Lightkeeper	trader-638f541a29ffd1183d187f57
regular	656f0f98d80a697f855d34b1	BTR司机	BTR Driver	trader-656f0f98d80a697f855d34b1
regular	6617beeaa9cfa777ca915b7c	竞技场裁判	Ref	trader-6617beeaa9cfa777ca915b7c
pve	54cb50c76803fa8b248b4571	Prapor	Prapor	trader-54cb50c76803fa8b248b4571
pve	54cb57776803fa99248b456e	Therapist	Therapist	trader-54cb57776803fa99248b456e
pve	579dc571d53a0658a154fbec	Fence	Fence	trader-579dc571d53a0658a154fbec
pve	58330581ace78e27b8b10cee	Skier	Skier	trader-58330581ace78e27b8b10cee
pve	5935c25fb3acc3127c3d8cd9	Peacekeeper	Peacekeeper	trader-5935c25fb3acc3127c3d8cd9
pve	5a7c2eca46aef81a7ca2145d	Mechanic	Mechanic	trader-5a7c2eca46aef81a7ca2145d
pve	5ac3b934156ae10c4430e83c	Ragman	Ragman	trader-5ac3b934156ae10c4430e83c
pve	5c0647fdd443bc2504c2d371	Jaeger	Jaeger	trader-5c0647fdd443bc2504c2d371
pve	638f541a29ffd1183d187f57	Lightkeeper	Lightkeeper	trader-638f541a29ffd1183d187f57
pve	656f0f98d80a697f855d34b1	BTR司机	BTR Driver	trader-656f0f98d80a697f855d34b1
pve	6617beeaa9cfa777ca915b7c	竞技场裁判	Ref	trader-6617beeaa9cfa777ca915b7c
