mode	taskId	requiredTaskId
regular	596760e186f7741e11214d58	59675ea386f77414b32bded2
regular	596a101f86f7741ddb481582	596a0e1686f7741ddf17dbee
regular	596a204686f774576d4c95de	59689ee586f7740d1570bbd5
regular	597a0b2986f77426d66c0633	5979f9ba86f7740f6c3fe9f2
regular	597a0e5786f77426d66c0636	597a0b2986f77426d66c0633
regular	597a0f5686f774273b74f676	597a0e5786f77426d66c0636
regular	597a160786f77477531d39d2	597a0f5686f774273b74f676
regular	597a171586f77405ba6887d3	597a0f5686f774273b74f676
regular	59c50a9e86f7745fef66f4ff	59c512ad86f7741f0d09de9b
regular	59c50c8886f7745fed3193bf	59c50a9e86f7745fef66f4ff
regular	59c93e8e86f7742a406989c4	597a0f5686f774273b74f676
regular	59ca264786f77445a80ed044	59c50c8886f7745fed3193bf
regular	59ca29fb86f77445ab465c87	59ca264786f77445a80ed044
regular	59ca2eb686f77445a80ed049	59ca29fb86f77445ab465c87
regular	5a03173786f77451cb427172	5a03153686f77442d90e2171
regular	5a27ba9586f7741b543d8e85	5a0449d586f77474e66227b7
regular	5a27bb5986f7741dfb660900	5a27bb3d86f77411ea361a21
regular	5a27bbf886f774333a418eeb	5a27bb8386f7741c770d2d0a
regular	5a27bc1586f7741f6d40fa2f	5a27bbf886f774333a418eeb
regular	5a27bc3686f7741c73584026	5a27bc1586f7741f6d40fa2f
regular	5a27bc6986f7741c7358402b	5a27bc3686f7741c73584026
regular	5a27bc8586f7741b543d8ea4	5a27bc6986f7741c7358402b
regular	5a27d2af86f7744e1115b323	5a27c99a86f7747d2c6bdd8e
regular	5a68663e86f774501078f78a	5a68661a86f774500f48afb0
regular	5a68665c86f774255929b4c7	5a68663e86f774501078f78a
regular	5a68667486f7742607157d28	5a68665c86f774255929b4c7
regular	5a68669a86f774255929b4d4	5a68667486f7742607157d28
regular	5ac242ab86f77412464f68b4	5ac244c486f77413e12cf945
regular	5ac244c486f77413e12cf945	639872fe8871e1272b10ccf6
regular	5ac3460c86f7742880308185	5ac345dc86f774288030817f
regular	5ac346cf86f7741d63233a02	5ac346a886f7744e1b083d67
regular	5ac346e886f7741d6118b99b	5ac346cf86f7741d63233a02
regular	5ac3479086f7742880308199	5ac2428686f77412450b42bf
regular	5ac3479086f7742880308199	5ac3467986f7741d6224abc2
regular	5ae4495c86f7744e87761355	5ae4497b86f7744cf402ed00
regular	5ae4496986f774459e77beb6	5ae4495c86f7744e87761355
regular	5ae4497b86f7744cf402ed00	5ae4495086f77443c122bc40
regular	5ae4499a86f77449783815db	5ae448f286f77448d73c0131
regular	5ae4499a86f77449783815db	5ae4497b86f7744cf402ed00
regular	5ae449a586f7744bde357696	5ae4498786f7744bde357695
regular	5b47749f86f7746c5d6a5fd4	5ac242ab86f77412464f68b4
regular	5b477b6f86f7747290681823	5b47749f86f7746c5d6a5fd4
regular	5b477f7686f7744d1b23c4d2	639873003693c63d86328f25
regular	5b47825886f77468074618d3	63987301e11ec11ff5504036
regular	5b47876e86f7744d1c353205	5ae448f286f77448d73c0131
regular	5b47876e86f7744d1c353205	5ae4495086f77443c122bc40
regular	5bc479e586f7747f376c7da3	5bc4776586f774512d07cf05
regular	5bc47dbf86f7741ee74e93b9	5bc479e586f7747f376c7da3
regular	5bc480a686f7741af0342e29	5bc47dbf86f7741ee74e93b9
regular	5bc4826c86f774106d22d88b	5bc480a686f7741af0342e29
regular	5bc4836986f7740c0152911c	5bc480a686f7741af0342e29
regular	5bc4856986f77454c317bea7	5bc4836986f7740c0152911c
regular	5bc4893c86f774626f5ebf3e	5bc4856986f77454c317bea7
regular	5c0bdb5286f774166e38eed4	5b4795fb86f7745876267770
regular	5c0be5fc86f774467a116593	5a68667486f7742607157d28
regular	5c0d0d5086f774363760aef2	5a68667486f7742607157d28
regular	5c12452c86f7744b83469073	5967725e86f774601a446662
regular	5c51aac186f77432ea65c552	596760e186f7741e11214d58
regular	5c51aac186f77432ea65c552	597a0e5786f77426d66c0636
regular	5c51aac186f77432ea65c552	5ae4497b86f7744cf402ed00
regular	5c51aac186f77432ea65c552	5bc480a686f7741af0342e29
regular	5c51aac186f77432ea65c552	5c0bde0986f77479cf22c2f8
regular	5d25aed386f77442734d25d2	5d25bfd086f77442734d3007
regular	5d25bfd086f77442734d3007	5d25b6be86f77444001e1b89
regular	5d25c81b86f77443e625dd71	5d25aed386f77442734d25d2
regular	5d25cf2686f77443e75488d4	5d25c81b86f77443e625dd71
regular	5d25d2c186f77443e35162e5	5d25e2d886f77442734d335e
regular	5d25e29d86f7740a22516326	5d25d2c186f77443e35162e5
regular	5d25e2a986f77409dd5cdf2a	5d25e29d86f7740a22516326
regular	5d25e2d886f77442734d335e	5d25cf2686f77443e75488d4
regular	5d25e48d86f77408251c4bfb	5979ed3886f77431307dc512
regular	5d25e48d86f77408251c4bfb	5d24b81486f77439c92d6ba8
regular	5d6fb2c086f77449da599c24	5a68667486f7742607157d28
regular	5d6fbc2886f77449d825f9d3	5a27bc6986f7741c7358402b
regular	5e4d4ac186f774264f758336	5e381b0286f77420e3417a74
regular	5e4d515e86f77438b2195244	5e383a6386f77465910ce1f3
regular	5eaaaa7c93afa0558f3b5a1c	5d25e29d86f7740a22516326
regular	5edac34d0bb72a50635c2bfa	5edab4b1218d181e29451435
regular	5ede567cfa6dc072ce15d6e3	5ede55112c95834b583f052a
regular	60effd818b669d08a35bfad5	59ca2eb686f77445a80ed049
regular	6179acbdc760af5ad2053585	6179ac7511973d018217d0b9
regular	61904daa7d0d857927447b9c	5d25cf2686f77443e75488d4
regular	625d6ffaf7308432be1d44c5	625d6ff5ddc94657c21a1625
regular	625d6ffcaa168e51321d69d7	625d6ffaf7308432be1d44c5
regular	625d6fff4149f1149b5b12c9	625d6ffcaa168e51321d69d7
regular	625d7001c4874104f230c0c5	625d6fff4149f1149b5b12c9
regular	625d70031ed3bb5bcc5bd9e5	625d7001c4874104f230c0c5
regular	625d7005a4eb80027c4f2e09	625d70031ed3bb5bcc5bd9e5
regular	625d700cc48e6c62a440fab5	625d7005a4eb80027c4f2e09
regular	626148251ed3bb5bcc5bd9ed	625d700cc48e6c62a440fab5
regular	6261482fa4eb80027c4f2e11	626148251ed3bb5bcc5bd9ed
regular	626148334149f1149b5b12ca	6391d90f4ed9512be67647df
regular	62614836f7308432be1d44cc	626148334149f1149b5b12ca
regular	6261483ac48e6c62a440fab7	6391d912f8e5dd32bf4e3ab2
regular	6261483dc4874104f230c0cd	6261483ac48e6c62a440fab7
regular	639135b04ed9512be67647d7	6391359b9444fb141f4e6ee6
regular	639135cd8ba6894d155e77cb	639135c3744e452011470807
regular	63913715f8e5dd32bf4e3aaa	626bd75e47ea7f506e5493c5
regular	6391372c8ba6894d155e77d7	63a511ea30d85e10e375b045
regular	6391d90f4ed9512be67647df	6261482fa4eb80027c4f2e11
regular	6391d912f8e5dd32bf4e3ab2	62614836f7308432be1d44cc
regular	6391d9144b15ca31f76bc323	6261483dc4874104f230c0cd
regular	63966faeea19ac7ed845db2c	625d7005a4eb80027c4f2e09
regular	63966fbeea19ac7ed845db2e	63966faeea19ac7ed845db2c
regular	63966fccac6f8f3c677b9d89	63966fbeea19ac7ed845db2e
regular	63966fd9ea19ac7ed845db30	63966fe7ea74a47c2d3fc0e6
regular	63966fe7ea74a47c2d3fc0e6	63966fccac6f8f3c677b9d89
regular	63966ff54c3ef01b6f3ffad8	63966fd9ea19ac7ed845db30
regular	639670029113f06a7c3b2377	63966ff54c3ef01b6f3ffad8
regular	6396700fea19ac7ed845db32	639670029113f06a7c3b2377
regular	6396701b9113f06a7c3b2379	6396700fea19ac7ed845db32
regular	63967028c4a91c5cb76abd81	6396701b9113f06a7c3b2379
regular	639873003693c63d86328f25	5b477b6f86f7747290681823
regular	63987301e11ec11ff5504036	5b477f7686f7744d1b23c4d2
regular	63a511ea30d85e10e375b045	63913715f8e5dd32bf4e3aaa
regular	63ab180c87413d64ae0ac20a	596a0e1686f7741ddf17dbee
regular	64e7b99017ab941a6f7bf9d7	59ca2eb686f77445a80ed049
regular	64e7b9a4aac4cd0a726562cb	64e7b99017ab941a6f7bf9d7
regular	64ee99639878a0569d6ec8c9	6391372c8ba6894d155e77d7
regular	64f83bb69878a0569d6ecfbe	5b47825886f77468074618d3
regular	64f83bcdde58fc437700d8fa	64f83bb69878a0569d6ecfbe
regular	64f83bd983cfca080a362c82	676529af9c90953d090882e7
regular	6573387d0b26ed4fde798de3	64f731ab83cfca080a361e42
regular	66058cb5ae4719735349b9e8	66058cb22cee99303f1ba067
regular	66058cb7c7f3584787181476	66058cb5ae4719735349b9e8
regular	66058cb9e8e4f17985230805	66058cb7c7f3584787181476
regular	66058cbb06ef1d50a60c1f46	66058cb9e8e4f17985230805
regular	66058cbd9f59e625462acc8e	66058cbb06ef1d50a60c1f46
regular	66058cbf2f19c31a5a1337ec	66058cbd9f59e625462acc8e
regular	66058cc1da30b620a34e6e86	69788db3878a4385d10c0718
regular	66058cc208308761cf390993	66058cc1da30b620a34e6e86
regular	66058cc5bb83da7ba474aba9	66058cc208308761cf390993
regular	66058cc72cee99303f1ba069	66058cc5bb83da7ba474aba9
regular	66058cc9ae4719735349b9ea	66058cc72cee99303f1ba069
regular	66058ccbc7f3584787181478	66058cbd9f59e625462acc8e
regular	66058ccbc7f3584787181478	697895b6c639962b2e0cf268
regular	66058ccde8e4f17985230807	66058ccbc7f3584787181478
regular	66058ccf06ef1d50a60c1f48	66058ccde8e4f17985230807
regular	66058cd19f59e625462acc90	66058ccf06ef1d50a60c1f48
regular	665eec1f5e47a79f8605565a	665eeacf5d86b6c8aa03c79b
regular	665eec4a4dfc83b0ed0a9dca	665eec1f5e47a79f8605565a
regular	665eeca45d86b6c8aa03c79d	665eec4a4dfc83b0ed0a9dca
regular	665eeca92f7aedcc900b0437	665eeca45d86b6c8aa03c79d
regular	66631489acf8442f8b05319f	6672d9def1c88688a707d042
regular	6663148ca9290f9e0806cca1	66631489acf8442f8b05319f
regular	6663148ed7f171c4c20226c1	6663148ca9290f9e0806cca1
regular	6663149196a9349baa021baa	6663148ed7f171c4c20226c1
regular	66631493312343839d032d22	6663149196a9349baa021baa
regular	6663149f1d3ec95634095e75	6663149cfd5ca9577902e037
regular	666314a1920800278d0f6746	6663149f1d3ec95634095e75
regular	666314a31cd52e3d040a2e76	666314a1920800278d0f6746
regular	666314a50aa5c7436c00908a	666314a31cd52e3d040a2e76
regular	666314b0acf8442f8b0531a1	666314b4d7f171c4c20226c3
regular	666314b2a9290f9e0806cca3	666314b0acf8442f8b0531a1
regular	666314b696a9349baa021bac	666314b4d7f171c4c20226c3
regular	666314b8312343839d032d24	666314b696a9349baa021bac
regular	666314bafd5ca9577902e03a	666314b8312343839d032d24
regular	666314bc1d3ec95634095e77	666314bafd5ca9577902e03a
regular	666314bd920800278d0f6748	666314bc1d3ec95634095e77
regular	666314bf1cd52e3d040a2e78	666314bd920800278d0f6748
regular	666314c10aa5c7436c00908c	666314bf1cd52e3d040a2e78
regular	666314c3acf8442f8b0531a3	666314c10aa5c7436c00908c
regular	666314c5a9290f9e0806cca5	666314c3acf8442f8b0531a3
regular	669fa3910c828825de06d69f	669fa38fad7f1eac2607ed46
regular	669fa3a3ad7f1eac2607ed48	5a68669a86f774255929b4d4
regular	671a59e43d73dac1360765cc	671a49f77d49aea42c029b5f
regular	673f2cd5d3346c2167020484	6752f6d83038f7df520c83e8
regular	673f348dd3346c21670217e7	6752f6d83038f7df520c83e8
regular	673f4e956f1b89c7bc0f56ef	673f348dd3346c21670217e7
regular	673f5a4976553f78350bdac1	673f4e956f1b89c7bc0f56ef
regular	673f6027352b4da8e00322d2	673f5a4976553f78350bdac1
regular	673f61a066e6a521aa04b62b	673f6027352b4da8e00322d2
regular	673f629c5b555b53460cf827	6745fcded0fbbc74ca0f721d
regular	6740a02a69a58fceba0ff399	673f629c5b555b53460cf827
regular	6740a15566e6a521aa051b15	6740a02a69a58fceba0ff399
regular	6740a15566e6a521aa051b15	6745fcded0fbbc74ca0f721d
regular	6740a2c17e3818d5bb0648b6	6740a15566e6a521aa051b15
regular	6740a3f4eca8acb2d2055159	6740a2c17e3818d5bb0648b6
regular	6740b60c60a98cad1b0e0aa0	673f6027352b4da8e00322d2
regular	6740b60c60a98cad1b0e0aa0	6740a02a69a58fceba0ff399
regular	674492b6909d2013670a347a	6740b60c60a98cad1b0e0aa0
regular	6744a4717e3818d5bb0680bb	674492b6909d2013670a347a
regular	6744a728352b4da8e003eda9	6740a3f4eca8acb2d2055159
regular	6744a9dfef61d56e020b5c4a	6744a4717e3818d5bb0680bb
regular	6744ab1def61d56e020b5c56	6744a728352b4da8e003eda9
regular	6744aca8d3346c216702c583	6744ab1def61d56e020b5c56
regular	6744af0969a58fceba101fed	6744a728352b4da8e003eda9
regular	6744af0969a58fceba101fed	6744aca8d3346c216702c583
regular	6745cbee909d2013670a4a55	6744a9dfef61d56e020b5c4a
regular	6745cbee909d2013670a4a55	6744aca8d3346c216702c583
regular	6745fae369a58fceba10343d	673f629c5b555b53460cf827
regular	6745fcded0fbbc74ca0f721d	673f4e956f1b89c7bc0f56ef
regular	6745fdddd3346c216702e0bf	6745fcded0fbbc74ca0f721d
regular	674600a366e6a521aa05eb66	6745fae369a58fceba10343d
regular	674602307e3818d5bb069489	674600a366e6a521aa05eb66
regular	6746053b5b555b53460d9896	674602307e3818d5bb069489
regular	674605df60a98cad1b0ec799	6746053b5b555b53460d9896
regular	67460662d0fbbc74ca0f7229	6744aca8d3346c216702c583
regular	67460662d0fbbc74ca0f7229	674605df60a98cad1b0ec799
regular	675c04f4db8807b75d0f38e8	675c047fa46173572a0bd878
regular	675c15fbf7da9792a4059871	66058cb5ae4719735349b9e8
regular	675c1ec7a46173572a0bf20a	675c1cf4a757ddd00404f0a3
regular	676529af9c90953d090882e7	64f83bcdde58fc437700d8fa
regular	67a0964e972c11a3f507731b	67a09636b8725511260bc421
regular	67a096577e86e067eb045733	67a0964e972c11a3f507731b
regular	67a0967c003a9986cb0f5ac1	67a096577e86e067eb045733
regular	67a096ed77dd677f600804ba	67a0967c003a9986cb0f5ac1
regular	67a0970744893b9f3f0d9b68	67a096577e86e067eb045733
regular	67a0970f05d1611ed90be75d	67a0970744893b9f3f0d9b68
regular	67a09724972c11a3f5077324	67a0970744893b9f3f0d9b68
regular	67a0972e77dd677f600804bd	67a0970744893b9f3f0d9b68
regular	67a097379f2068e74603c6ac	67a0970744893b9f3f0d9b68
regular	67a09761e720611a6a01f288	67a096ed77dd677f600804ba
regular	67a09761e720611a6a01f288	67a0970f05d1611ed90be75d
regular	67a09761e720611a6a01f288	67a09724972c11a3f5077324
regular	67a09761e720611a6a01f288	67a0972e77dd677f600804bd
regular	67a09761e720611a6a01f288	67a097379f2068e74603c6ac
regular	67a09761e720611a6a01f288	67d03be712fb5f8fd2096332
regular	67af4c17f4f1fb58a907f8f6	67af4c1405c58dc6f7056667
regular	67af4c1991ee75c6d7060a16	67af4c17f4f1fb58a907f8f6
regular	67af4c1a6c3ebfd8e6034916	67af4c1cc0e59d55e2010b97
regular	67af4c1cc0e59d55e2010b97	67af4c169d95ad16e004fd86
regular	67d03be712fb5f8fd2096332	67a0970744893b9f3f0d9b68
regular	67e993b1ac26bf29380a320b	66058ccf06ef1d50a60c1f48
regular	67e993f5ed537409f009da75	67e993b1ac26bf29380a320b
regular	68400926706e0a55e90b0007	684009026ceedc792c09b2a7
regular	68400953506db3b4db0700e7	68400926706e0a55e90b0007
regular	697877e0c639962b2e0cf24f	66058cb7c7f3584787181476
regular	69788c2bac719606e40b4e77	697877e0c639962b2e0cf24f
regular	69788db3878a4385d10c0718	69788c2bac719606e40b4e77
regular	69789418b2187365e70bb947	66058cc9ae4719735349b9ea
regular	697895b6c639962b2e0cf268	69789418b2187365e70bb947
regular	69c27158e350f01390049e77	69c26c07683c9831020018c7
regular	69c277f3ea6da9c23e07f8d2	69c27158e350f01390049e77
regular	69c2a2d004de49c8f0055a3d	69c277f3ea6da9c23e07f8d2
regular	69ce1f84ebbdbf36a200627c	69ce1de03e15cd80bd06f6c9
regular	69ce213a298a6529b30d7134	69ce204c8702b378f9091e4b
regular	69e5583240c3e6c8ba0edbd5	69ce1f84ebbdbf36a200627c
pve	596760e186f7741e11214d58	59675ea386f77414b32bded2
pve	596a101f86f7741ddb481582	596a0e1686f7741ddf17dbee
pve	596a204686f774576d4c95de	59689ee586f7740d1570bbd5
pve	597a0b2986f77426d66c0633	5979f9ba86f7740f6c3fe9f2
pve	597a0e5786f77426d66c0636	597a0b2986f77426d66c0633
pve	597a0f5686f774273b74f676	597a0e5786f77426d66c0636
pve	597a160786f77477531d39d2	597a0f5686f774273b74f676
pve	597a171586f77405ba6887d3	597a0f5686f774273b74f676
pve	59c50a9e86f7745fef66f4ff	59c512ad86f7741f0d09de9b
pve	59c50c8886f7745fed3193bf	59c50a9e86f7745fef66f4ff
pve	59c93e8e86f7742a406989c4	597a0f5686f774273b74f676
pve	59ca264786f77445a80ed044	59c50c8886f7745fed3193bf
pve	59ca29fb86f77445ab465c87	59ca264786f77445a80ed044
pve	59ca2eb686f77445a80ed049	59ca29fb86f77445ab465c87
pve	5a03173786f77451cb427172	5a03153686f77442d90e2171
pve	5a27ba9586f7741b543d8e85	5a0449d586f77474e66227b7
pve	5a27bb5986f7741dfb660900	5a27bb3d86f77411ea361a21
pve	5a27bbf886f774333a418eeb	5a27bb8386f7741c770d2d0a
pve	5a27bc1586f7741f6d40fa2f	5a27bbf886f774333a418eeb
pve	5a27bc3686f7741c73584026	5a27bc1586f7741f6d40fa2f
pve	5a27bc6986f7741c7358402b	5a27bc3686f7741c73584026
pve	5a27bc8586f7741b543d8ea4	5a27bc6986f7741c7358402b
pve	5a27d2af86f7744e1115b323	5a27c99a86f7747d2c6bdd8e
pve	5a68663e86f774501078f78a	5a68661a86f774500f48afb0
pve	5a68665c86f774255929b4c7	5a68663e86f774501078f78a
pve	5a68667486f7742607157d28	5a68665c86f774255929b4c7
pve	5a68669a86f774255929b4d4	5a68667486f7742607157d28
pve	5ac242ab86f77412464f68b4	5ac244c486f77413e12cf945
pve	5ac244c486f77413e12cf945	639872fe8871e1272b10ccf6
pve	5ac3460c86f7742880308185	5ac345dc86f774288030817f
pve	5ac346cf86f7741d63233a02	5ac346a886f7744e1b083d67
pve	5ac346e886f7741d6118b99b	5ac346cf86f7741d63233a02
pve	5ac3479086f7742880308199	5ac2428686f77412450b42bf
pve	5ac3479086f7742880308199	5ac3467986f7741d6224abc2
pve	5ae4495c86f7744e87761355	5ae4497b86f7744cf402ed00
pve	5ae4496986f774459e77beb6	5ae4495c86f7744e87761355
pve	5ae4497b86f7744cf402ed00	5ae4495086f77443c122bc40
pve	5ae4499a86f77449783815db	5ae448f286f77448d73c0131
pve	5ae4499a86f77449783815db	5ae4497b86f7744cf402ed00
pve	5ae449a586f7744bde357696	5ae4498786f7744bde357695
pve	5b47749f86f7746c5d6a5fd4	5ac242ab86f77412464f68b4
pve	5b477b6f86f7747290681823	5b47749f86f7746c5d6a5fd4
pve	5b477f7686f7744d1b23c4d2	639873003693c63d86328f25
pve	5b47825886f77468074618d3	63987301e11ec11ff5504036
pve	5b47876e86f7744d1c353205	5ae448f286f77448d73c0131
pve	5b47876e86f7744d1c353205	5ae4495086f77443c122bc40
pve	5bc479e586f7747f376c7da3	5bc4776586f774512d07cf05
pve	5bc47dbf86f7741ee74e93b9	5bc479e586f7747f376c7da3
pve	5bc480a686f7741af0342e29	5bc47dbf86f7741ee74e93b9
pve	5bc4826c86f774106d22d88b	5bc480a686f7741af0342e29
pve	5bc4836986f7740c0152911c	5bc480a686f7741af0342e29
pve	5bc4856986f77454c317bea7	5bc4836986f7740c0152911c
pve	5bc4893c86f774626f5ebf3e	5bc4856986f77454c317bea7
pve	5c0bdb5286f774166e38eed4	5b4795fb86f7745876267770
pve	5c0be5fc86f774467a116593	5a68667486f7742607157d28
pve	5c0d0d5086f774363760aef2	5a68667486f7742607157d28
pve	5c12452c86f7744b83469073	5967725e86f774601a446662
pve	5c51aac186f77432ea65c552	596760e186f7741e11214d58
pve	5c51aac186f77432ea65c552	597a0e5786f77426d66c0636
pve	5c51aac186f77432ea65c552	5ae4497b86f7744cf402ed00
pve	5c51aac186f77432ea65c552	5bc480a686f7741af0342e29
pve	5c51aac186f77432ea65c552	5c0bde0986f77479cf22c2f8
pve	5d25aed386f77442734d25d2	5d25bfd086f77442734d3007
pve	5d25bfd086f77442734d3007	5d25b6be86f77444001e1b89
pve	5d25c81b86f77443e625dd71	5d25aed386f77442734d25d2
pve	5d25cf2686f77443e75488d4	5d25c81b86f77443e625dd71
pve	5d25d2c186f77443e35162e5	5d25e2d886f77442734d335e
pve	5d25e29d86f7740a22516326	5d25d2c186f77443e35162e5
pve	5d25e2a986f77409dd5cdf2a	5d25e29d86f7740a22516326
pve	5d25e2d886f77442734d335e	5d25cf2686f77443e75488d4
pve	5d25e48d86f77408251c4bfb	5979ed3886f77431307dc512
pve	5d25e48d86f77408251c4bfb	5d24b81486f77439c92d6ba8
pve	5d6fb2c086f77449da599c24	5a68667486f7742607157d28
pve	5d6fbc2886f77449d825f9d3	5a27bc6986f7741c7358402b
pve	5e4d4ac186f774264f758336	5e381b0286f77420e3417a74
pve	5e4d515e86f77438b2195244	5e383a6386f77465910ce1f3
pve	5eaaaa7c93afa0558f3b5a1c	5d25e29d86f7740a22516326
pve	5edac34d0bb72a50635c2bfa	5edab4b1218d181e29451435
pve	5ede567cfa6dc072ce15d6e3	5ede55112c95834b583f052a
pve	60effd818b669d08a35bfad5	59ca2eb686f77445a80ed049
pve	6179acbdc760af5ad2053585	6179ac7511973d018217d0b9
pve	61904daa7d0d857927447b9c	5d25cf2686f77443e75488d4
pve	625d6ffaf7308432be1d44c5	625d6ff5ddc94657c21a1625
pve	625d6ffcaa168e51321d69d7	625d6ffaf7308432be1d44c5
pve	625d6fff4149f1149b5b12c9	625d6ffcaa168e51321d69d7
pve	625d7001c4874104f230c0c5	625d6fff4149f1149b5b12c9
pve	625d70031ed3bb5bcc5bd9e5	625d7001c4874104f230c0c5
pve	625d7005a4eb80027c4f2e09	625d70031ed3bb5bcc5bd9e5
pve	625d700cc48e6c62a440fab5	625d7005a4eb80027c4f2e09
pve	626148251ed3bb5bcc5bd9ed	625d700cc48e6c62a440fab5
pve	6261482fa4eb80027c4f2e11	626148251ed3bb5bcc5bd9ed
pve	626148334149f1149b5b12ca	6391d90f4ed9512be67647df
pve	62614836f7308432be1d44cc	626148334149f1149b5b12ca
pve	6261483ac48e6c62a440fab7	6391d912f8e5dd32bf4e3ab2
pve	6261483dc4874104f230c0cd	6261483ac48e6c62a440fab7
pve	639135b04ed9512be67647d7	6391359b9444fb141f4e6ee6
pve	639135cd8ba6894d155e77cb	639135c3744e452011470807
pve	63913715f8e5dd32bf4e3aaa	626bd75e47ea7f506e5493c5
pve	6391372c8ba6894d155e77d7	63a511ea30d85e10e375b045
pve	6391d90f4ed9512be67647df	6261482fa4eb80027c4f2e11
pve	6391d912f8e5dd32bf4e3ab2	62614836f7308432be1d44cc
pve	6391d9144b15ca31f76bc323	6261483dc4874104f230c0cd
pve	63966faeea19ac7ed845db2c	625d7005a4eb80027c4f2e09
pve	63966fbeea19ac7ed845db2e	63966faeea19ac7ed845db2c
pve	63966fccac6f8f3c677b9d89	63966fbeea19ac7ed845db2e
pve	63966fd9ea19ac7ed845db30	63966fe7ea74a47c2d3fc0e6
pve	63966fe7ea74a47c2d3fc0e6	63966fccac6f8f3c677b9d89
pve	63966ff54c3ef01b6f3ffad8	63966fd9ea19ac7ed845db30
pve	639670029113f06a7c3b2377	63966ff54c3ef01b6f3ffad8
pve	6396700fea19ac7ed845db32	639670029113f06a7c3b2377
pve	6396701b9113f06a7c3b2379	6396700fea19ac7ed845db32
pve	63967028c4a91c5cb76abd81	6396701b9113f06a7c3b2379
pve	639873003693c63d86328f25	5b477b6f86f7747290681823
pve	63987301e11ec11ff5504036	5b477f7686f7744d1b23c4d2
pve	63a511ea30d85e10e375b045	63913715f8e5dd32bf4e3aaa
pve	63ab180c87413d64ae0ac20a	596a0e1686f7741ddf17dbee
pve	64e7b99017ab941a6f7bf9d7	59ca2eb686f77445a80ed049
pve	64e7b9a4aac4cd0a726562cb	64e7b99017ab941a6f7bf9d7
pve	64ee99639878a0569d6ec8c9	6391372c8ba6894d155e77d7
pve	64f83bb69878a0569d6ecfbe	5b47825886f77468074618d3
pve	64f83bcdde58fc437700d8fa	64f83bb69878a0569d6ecfbe
pve	64f83bd983cfca080a362c82	676529af9c90953d090882e7
pve	6573387d0b26ed4fde798de3	64f731ab83cfca080a361e42
pve	665eec1f5e47a79f8605565a	665eeacf5d86b6c8aa03c79b
pve	665eec4a4dfc83b0ed0a9dca	665eec1f5e47a79f8605565a
pve	665eeca45d86b6c8aa03c79d	665eec4a4dfc83b0ed0a9dca
pve	665eeca92f7aedcc900b0437	665eeca45d86b6c8aa03c79d
pve	66631489acf8442f8b05319f	6672d9def1c88688a707d042
pve	6663148ca9290f9e0806cca1	66631489acf8442f8b05319f
pve	6663148ed7f171c4c20226c1	6663148ca9290f9e0806cca1
pve	6663149196a9349baa021baa	6663148ed7f171c4c20226c1
pve	66631493312343839d032d22	6663149196a9349baa021baa
pve	6663149f1d3ec95634095e75	6663149cfd5ca9577902e037
pve	666314a1920800278d0f6746	6663149f1d3ec95634095e75
pve	666314a31cd52e3d040a2e76	666314a1920800278d0f6746
pve	666314a50aa5c7436c00908a	666314a31cd52e3d040a2e76
pve	666314b0acf8442f8b0531a1	666314b4d7f171c4c20226c3
pve	666314b2a9290f9e0806cca3	666314b0acf8442f8b0531a1
pve	666314b696a9349baa021bac	666314b4d7f171c4c20226c3
pve	666314b8312343839d032d24	666314b696a9349baa021bac
pve	666314bafd5ca9577902e03a	666314b8312343839d032d24
pve	666314bc1d3ec95634095e77	666314bafd5ca9577902e03a
pve	666314bd920800278d0f6748	666314bc1d3ec95634095e77
pve	666314bf1cd52e3d040a2e78	666314bd920800278d0f6748
pve	666314c10aa5c7436c00908c	666314bf1cd52e3d040a2e78
pve	666314c3acf8442f8b0531a3	666314c10aa5c7436c00908c
pve	666314c5a9290f9e0806cca5	666314c3acf8442f8b0531a3
pve	669fa3910c828825de06d69f	669fa38fad7f1eac2607ed46
pve	669fa3a3ad7f1eac2607ed48	5a68669a86f774255929b4d4
pve	671a59e43d73dac1360765cc	671a49f77d49aea42c029b5f
pve	673f2cd5d3346c2167020484	6752f6d83038f7df520c83e8
pve	673f348dd3346c21670217e7	6752f6d83038f7df520c83e8
pve	673f4e956f1b89c7bc0f56ef	673f348dd3346c21670217e7
pve	673f5a4976553f78350bdac1	673f4e956f1b89c7bc0f56ef
pve	673f6027352b4da8e00322d2	673f5a4976553f78350bdac1
pve	673f61a066e6a521aa04b62b	673f6027352b4da8e00322d2
pve	673f629c5b555b53460cf827	6745fcded0fbbc74ca0f721d
pve	6740a02a69a58fceba0ff399	673f629c5b555b53460cf827
pve	6740a15566e6a521aa051b15	6740a02a69a58fceba0ff399
pve	6740a15566e6a521aa051b15	6745fcded0fbbc74ca0f721d
pve	6740a2c17e3818d5bb0648b6	6740a15566e6a521aa051b15
pve	6740a3f4eca8acb2d2055159	6740a2c17e3818d5bb0648b6
pve	6740b60c60a98cad1b0e0aa0	673f6027352b4da8e00322d2
pve	6740b60c60a98cad1b0e0aa0	6740a02a69a58fceba0ff399
pve	674492b6909d2013670a347a	6740b60c60a98cad1b0e0aa0
pve	6744a4717e3818d5bb0680bb	674492b6909d2013670a347a
pve	6744a728352b4da8e003eda9	6740a3f4eca8acb2d2055159
pve	6744a9dfef61d56e020b5c4a	6744a4717e3818d5bb0680bb
pve	6744ab1def61d56e020b5c56	6744a728352b4da8e003eda9
pve	6744aca8d3346c216702c583	6744ab1def61d56e020b5c56
pve	6744af0969a58fceba101fed	6744a728352b4da8e003eda9
pve	6744af0969a58fceba101fed	6744aca8d3346c216702c583
pve	6745cbee909d2013670a4a55	6744a9dfef61d56e020b5c4a
pve	6745cbee909d2013670a4a55	6744aca8d3346c216702c583
pve	6745fae369a58fceba10343d	673f629c5b555b53460cf827
pve	6745fcded0fbbc74ca0f721d	673f4e956f1b89c7bc0f56ef
pve	6745fdddd3346c216702e0bf	6745fcded0fbbc74ca0f721d
pve	674600a366e6a521aa05eb66	6745fae369a58fceba10343d
pve	674602307e3818d5bb069489	674600a366e6a521aa05eb66
pve	6746053b5b555b53460d9896	674602307e3818d5bb069489
pve	674605df60a98cad1b0ec799	6746053b5b555b53460d9896
pve	67460662d0fbbc74ca0f7229	6744aca8d3346c216702c583
pve	67460662d0fbbc74ca0f7229	674605df60a98cad1b0ec799
pve	675c04f4db8807b75d0f38e8	675c047fa46173572a0bd878
pve	675c1ec7a46173572a0bf20a	675c1cf4a757ddd00404f0a3
pve	676529af9c90953d090882e7	64f83bcdde58fc437700d8fa
pve	67a0964e972c11a3f507731b	67a09636b8725511260bc421
pve	67a096577e86e067eb045733	67a0964e972c11a3f507731b
pve	67a0967c003a9986cb0f5ac1	67a096577e86e067eb045733
pve	67a096ed77dd677f600804ba	67a0967c003a9986cb0f5ac1
pve	67a0970744893b9f3f0d9b68	67a096577e86e067eb045733
pve	67a0970f05d1611ed90be75d	67a0970744893b9f3f0d9b68
pve	67a09724972c11a3f5077324	67a0970744893b9f3f0d9b68
pve	67a0972e77dd677f600804bd	67a0970744893b9f3f0d9b68
pve	67a097379f2068e74603c6ac	67a0970744893b9f3f0d9b68
pve	67a09761e720611a6a01f288	67a096ed77dd677f600804ba
pve	67a09761e720611a6a01f288	67a0970f05d1611ed90be75d
pve	67a09761e720611a6a01f288	67a09724972c11a3f5077324
pve	67a09761e720611a6a01f288	67a0972e77dd677f600804bd
pve	67a09761e720611a6a01f288	67a097379f2068e74603c6ac
pve	67a09761e720611a6a01f288	67d03be712fb5f8fd2096332
pve	67af4c17f4f1fb58a907f8f6	67af4c1405c58dc6f7056667
pve	67af4c1991ee75c6d7060a16	67af4c17f4f1fb58a907f8f6
pve	67af4c1a6c3ebfd8e6034916	67af4c1cc0e59d55e2010b97
pve	67af4c1cc0e59d55e2010b97	67af4c169d95ad16e004fd86
pve	67d03be712fb5f8fd2096332	67a0970744893b9f3f0d9b68
pve	6834158f2f0e2a7eb90b62c8	6834145ebc1f443d7603c8a7
pve	68341846186efa3c5b07f989	6834158f2f0e2a7eb90b62c8
pve	68341a0b2f0e2a7eb90b62d4	68341846186efa3c5b07f989
pve	68341b407559f4e6d50bc0ce	68341a0b2f0e2a7eb90b62d4
pve	68341c4babec72d95d0c1260	68341b407559f4e6d50bc0ce
pve	68341d7d7559f4e6d50bc0db	68341c4babec72d95d0c1260
pve	68341eb25619c8e2a9031501	6978907718bd6d7cbd0e8b8e
pve	68341f6fe2e7ef70a3060a0a	68341eb25619c8e2a9031501
pve	6834202a186efa3c5b07f9a2	68341f6fe2e7ef70a3060a0a
pve	683421515619c8e2a9031511	6834202a186efa3c5b07f9a2
pve	68342265a8d674b5740b31f0	683421515619c8e2a9031511
pve	6834233fecd5cf3a440d855b	68341c4babec72d95d0c1260
pve	6834233fecd5cf3a440d855b	697878057aa1273126030fb0
pve	68342446a8d674b5740b31fc	6834233fecd5cf3a440d855b
pve	6834254f2f0e2a7eb90b62ef	683425dd8f5b18d29a05d9d1
pve	683425dd8f5b18d29a05d9d1	68342446a8d674b5740b31fc
pve	683427418f5b18d29a05d9e3	683425dd8f5b18d29a05d9d1
pve	6834287b7559f4e6d50bc0fa	683427418f5b18d29a05d9e3
pve	68400926706e0a55e90b0007	684009026ceedc792c09b2a7
pve	68400953506db3b4db0700e7	68400926706e0a55e90b0007
pve	697878057aa1273126030fb0	68341846186efa3c5b07f989
pve	69788d4e963f08d9140bce19	697878057aa1273126030fb0
pve	6978907718bd6d7cbd0e8b8e	69788d4e963f08d9140bce19
pve	697895277d31587eab080266	68342265a8d674b5740b31f0
pve	69789660b2187365e70bb94a	697895277d31587eab080266
pve	69c27158e350f01390049e77	69c26c07683c9831020018c7
pve	69c277f3ea6da9c23e07f8d2	69c27158e350f01390049e77
pve	69c2a2d004de49c8f0055a3d	69c277f3ea6da9c23e07f8d2
pve	69ce1f84ebbdbf36a200627c	69ce1de03e15cd80bd06f6c9
pve	69ce213a298a6529b30d7134	69ce204c8702b378f9091e4b
pve	69e5583240c3e6c8ba0edbd5	69ce1f84ebbdbf36a200627c
